Date,Date Value,Open,High,Low,Close,Adj Close,Volume
2014-07-14,41834,104.279999,104.93,103.150002,103.260002,99.062721,733900
2014-07-15,41835,103.160004,103.620003,101.970001,102.739998,98.56385,1088200
2014-07-16,41836,103.199997,103.360001,102.389999,102.790001,98.611809,869100
2014-07-17,41837,102.459999,102.900002,100.629997,100.709999,96.616348,804900
2014-07-18,41838,100.769997,102.769997,99.980003,102.440002,98.276039,1131800
2014-07-21,41839,101.980003,102.410004,101.019997,101.419998,97.297508,1008900
2014-07-22,41840,103.809998,104.459999,101.339996,102.169998,98.017021,947900
2014-07-23,41841,102.269997,103.68,101.910004,103.160004,98.966782,1733800
2014-07-24,41842,99.279999,100.419998,98.400002,99.82,95.76255,2814600
2014-07-25,41843,99.519997,101.040001,99.290001,100.809998,96.712303,1474900
2014-07-28,41844,101.970001,102.029999,100.010002,100.57,96.482056,854300
2014-07-29,41845,100.650002,101.309998,100.010002,100.93,96.827415,1186900
2014-07-30,41846,101.300003,102.730003,101.279999,102.220001,98.06498,1821100
2014-07-31,41847,101.370003,102.370003,100,100.07,96.00238,1809700
2014-08-01,41848,100.080002,100.349998,99.019997,99.610001,95.561073,1020400
2014-08-04,41849,99.610001,100.220001,98.459999,100.139999,96.06955,799100
2014-08-05,41850,99.68,99.919998,98.129997,98.360001,94.361885,1125700
2014-08-06,41851,98.099998,98.410004,95.959999,96.349998,92.433594,2995200
2014-08-07,41852,97.019997,97.18,95.019997,95.309998,91.435883,1750700
2014-08-08,41853,95.669998,96.18,94.730003,96.080002,92.174568,1368900
2014-08-11,41854,96.57,96.959999,95.879997,96.32,92.404831,873900
2014-08-12,41855,96.150002,97.110001,95.800003,96.709999,92.778969,1556300
2014-08-13,41856,96.93,97.82,96.559998,97.68,93.709534,1034000
2014-08-14,41857,97.68,98.139999,97.400002,97.830002,93.853447,1428400
2014-08-15,41858,97.959999,98.150002,96.620003,97.480003,93.51767,1171400
2014-08-18,41859,97.879997,99.32,97.879997,99.309998,95.273277,1591900
2014-08-19,41860,99.610001,100.199997,99.410004,99.940002,95.87767,944000
2014-08-20,41861,99.82,100.300003,99.349998,99.809998,95.752945,1156900
2014-08-21,41862,99.980003,100.68,99.879997,100.620003,96.530037,630700
2014-08-22,41863,100.440002,100.790001,99.449997,99.489998,95.445946,1014300
2014-08-25,41864,100.239998,101.040001,99.980003,100.459999,96.376518,669800
2014-08-26,41865,100.540001,101.209999,100.400002,100.760002,96.664345,752200
2014-08-27,41866,100.860001,101.080002,99.720001,99.779999,95.724167,853300
2014-08-28,41867,99.309998,99.650002,99,99.449997,95.40757,714900
2014-08-29,41868,99.599998,99.599998,98.739998,99.309998,95.273277,1015700
2014-09-02,41869,99.720001,99.720001,98.809998,99.290001,95.254082,1037600
2014-09-03,41870,99.75,100.580002,99.419998,100.32,96.242218,1054000
2014-09-04,41871,100.730003,102.529999,100.230003,100.650002,96.558815,1193100
2014-09-05,41872,100.370003,101.080002,99.919998,101.07,96.961739,562900
2014-09-08,41873,101,101.330002,100.57,100.919998,96.817841,825800
2014-09-09,41874,101.559998,103.540001,101.559998,102.440002,98.276039,2060300
2014-09-10,41875,102.809998,104.980003,102.099998,104.75,100.492142,2027300
2014-09-11,41876,104.080002,105.379997,103.860001,105.230003,100.952644,1677400
2014-09-12,41877,104.989998,105.68,104.440002,104.940002,100.674438,1470000
2014-09-15,41878,104.93,104.93,104.190002,104.489998,100.242729,785300
2014-09-16,41879,104.309998,105.160004,103.760002,104.940002,100.674438,985800
2014-09-17,41880,104.889999,105.169998,103.57,103.970001,99.743851,1239500
2014-09-18,41881,104.230003,104.300003,103.580002,104.25,100.012482,1450500
2014-09-19,41882,104.68,104.919998,103.5,103.989998,99.763054,1243200
2014-09-22,41883,103.550003,103.959999,103.029999,103.699997,99.48484,1015200
2014-09-23,41884,102.230003,103.449997,102.099998,102.419998,98.256866,1388800
2014-09-24,41885,102.370003,103.980003,102.120003,103.629997,99.631691,1268900
2014-09-25,41886,103.239998,103.300003,101.25,101.25,97.343521,1915600
2014-09-26,41887,101.330002,102.139999,101.160004,101.660004,97.737701,965100
2014-09-29,41888,100.760002,101.699997,100.699997,101.459999,97.545403,605200
2014-09-30,41889,101.589996,101.830002,100.550003,100.550003,96.670532,1025300
2014-10-01,41890,100.629997,101.169998,99.5,100.760002,96.872429,1687100
2014-10-02,41891,100.940002,102.589996,98.870003,102.199997,98.256866,2721600
2014-10-03,41892,102.449997,102.93,102.169998,102.589996,98.631805,731300
2014-10-06,41893,103.370003,104.440002,102.389999,102.989998,99.016411,966900
2014-10-07,41894,102.5,102.760002,101.349998,101.400002,97.487732,684900
2014-10-08,41895,101.82,103.709999,101.209999,103.540001,99.545174,805500
2014-10-09,41896,103.129997,103.419998,101.519997,101.730003,97.805,1156700
2014-10-10,41897,102,103.720001,101.059998,101.080002,97.180077,882600
2014-10-13,41898,100.919998,101.050003,98.629997,98.730003,94.920731,1014300
2014-10-14,41899,99.230003,99.470001,97.18,97.540001,93.776657,1300900
2014-10-15,41900,95.809998,97.870003,95.330002,97.720001,93.949722,2268300
2014-10-16,41901,96,97.059998,95.75,95.949997,92.247986,1781700
2014-10-17,41902,96.860001,97.940002,96.620003,97.519997,93.757431,912800
2014-10-20,41903,97.559998,99.260002,97.089996,99.190002,95.362999,1101500
2014-10-21,41904,99.650002,101.43,99.629997,101.32,97.410805,1027200
2014-10-22,41905,101.839996,101.900002,99.879997,100.199997,96.334023,1335700
2014-10-23,41906,103.480003,106.300003,102.68,104.57,100.535423,1697600
2014-10-24,41907,104.57,105.5,104.550003,105.290001,101.227631,573900
2014-10-27,41908,105.169998,105.900002,104.720001,104.980003,100.929611,574700
2014-10-28,41909,105.620003,108.370003,105.239998,108.099998,103.929222,1701200
2014-10-29,41910,108.099998,108.949997,107.739998,108.150002,103.977287,1360000
2014-10-30,41911,107.970001,109.550003,107.510002,109.279999,105.063705,787400
2014-10-31,41912,110.349998,111.290001,110,111.239998,106.948074,1486200
2014-11-03,41913,111.18,111.5,109.5,110.410004,106.150131,789400
2014-11-04,41914,110.099998,110.629997,108.940002,109.209999,104.996414,1020100
2014-11-05,41915,110.470001,111.099998,109.440002,110.989998,106.70771,1196100
2014-11-06,41916,110.959999,111.360001,110.160004,110.190002,105.938599,741800
2014-11-07,41917,109.809998,110,107.809998,108.190002,104.015755,829800
2014-11-10,41918,108.610001,110.510002,108.199997,110.419998,106.159729,802100
2014-11-11,41919,110.489998,111.510002,109.769997,111.07,106.784645,568500
2014-11-12,41920,110.779999,111.029999,110.269997,110.870003,106.592354,783000
2014-11-13,41921,111.230003,111.230003,110.150002,110.610001,106.342384,811800
2014-11-14,41922,110.660004,110.830002,109.75,110.120003,105.871292,702700
2014-11-17,41923,110.120003,110.900002,109.940002,110.68,106.409691,964600
2014-11-18,41924,110.25,111.970001,110.139999,111.5,107.198036,688700
2014-11-19,41925,111.190002,111.269997,110.419998,110.550003,106.284706,518700
2014-11-20,41926,109.699997,110.440002,109.010002,110.120003,105.871292,985700
2014-11-21,41927,111.230003,111.629997,109.699997,110.480003,106.217415,821200
2014-11-24,41928,110.120003,110.440002,108.760002,110.080002,105.832825,1355400
2014-11-25,41929,110.5,111.199997,110.269997,111.080002,106.794266,923600
2014-11-26,41930,111.360001,111.769997,110.980003,111.629997,107.323051,595000
2014-11-28,41931,111.629997,113,111.629997,112.290001,107.957573,426900
2014-12-01,41932,112.190002,112.620003,111.309998,111.470001,107.169189,613000
2014-12-02,41933,111.739998,114.980003,111.650002,114.43,110.015015,1504900
2014-12-03,41934,114.309998,114.410004,113.260002,113.650002,109.265083,975700
2014-12-04,41935,113.209999,114.559998,113.120003,113.959999,109.563118,731900
2014-12-05,41936,114.290001,115.879997,113.610001,114.959999,110.524544,1018700
2014-12-08,41937,114.959999,115.550003,114.690002,114.849998,110.418808,643600
2014-12-09,41938,113.419998,114.059998,113.169998,113.730003,109.342026,986400
2014-12-10,41939,113.809998,113.830002,111.260002,111.510002,107.207672,920500
2014-12-11,41940,112.029999,113.779999,112.029999,113.239998,108.870926,961700
2014-12-12,41941,112.160004,112.989998,111.339996,111.339996,107.04422,875300
2014-12-15,41942,112.07,112.349998,109.839996,110.260002,106.005898,750600
2014-12-16,41943,110.150002,111.610001,108.769997,108.790001,104.592598,1039700
2014-12-17,41944,109.610001,112.129997,109.129997,111.919998,107.601845,924200
2014-12-18,41945,113.339996,114.940002,112.639999,114.940002,110.505318,957800
2014-12-19,41946,115.629997,116.040001,114.050003,114.910004,110.476486,1271700
2014-12-22,41947,115.07,115.739998,114.360001,115.050003,110.611084,627800
2014-12-23,41948,115.529999,116.139999,113.160004,113.470001,109.092049,1287400
2014-12-24,41949,113.510002,114.68,113.230003,114.110001,109.920464,304600
2014-12-26,41950,114.160004,115.18,113.949997,114.169998,109.978271,400000
2014-12-29,41951,113.75,114.309998,113.25,113.5,109.332863,450300
2014-12-30,41952,113.489998,115.550003,113.459999,114.57,110.363571,625300
2014-12-31,41953,115.059998,115.75,113.389999,113.419998,109.255798,689900
2015-01-02,41954,114.209999,114.610001,111.779999,112.589996,108.456276,909300
2015-01-05,41955,114.010002,117.190002,114.010002,116.790001,112.502075,2159100
2015-01-06,41956,117.160004,117.230003,115.129997,115.800003,111.548424,1782100
2015-01-07,41957,116.199997,119.580002,116.010002,118.68,114.32267,1462000
2015-01-08,41958,119.040001,120.599998,118.769997,119.940002,115.536423,1406800
2015-01-09,41959,118.059998,119.5,117.5,118.209999,113.869934,2124100
2015-01-12,41960,118.209999,118.769997,117.68,118.489998,114.139648,1001500
2015-01-13,41961,119,120.699997,117.720001,118.75,114.390106,1613800
2015-01-14,41962,116.949997,117.690002,115.769997,117.18,112.877747,1042800
2015-01-15,41963,117.199997,117.610001,114.959999,114.980003,110.758522,1531200
2015-01-16,41964,114.849998,117.110001,114.849998,117,112.704353,1232900
2015-01-20,41965,117.730003,118.389999,114.82,115.889999,111.635109,926600
2015-01-21,41966,115.699997,116.559998,114.919998,115.879997,111.625481,642800
2015-01-22,41967,116.269997,118.419998,115.779999,118.349998,114.004799,711300
2015-01-23,41968,118.349998,118.550003,116.949997,116.980003,112.685081,577700
2015-01-26,41969,116.889999,117.089996,116.029999,117.07,112.771805,1188100
2015-01-27,41970,116.160004,117.349998,115.290001,116.230003,111.962631,796800
2015-01-28,41971,116.370003,117.540001,114.349998,114.5,110.29615,1590100
2015-01-29,41972,112.650002,114.389999,111.199997,112.519997,108.388824,3235000
2015-01-30,41973,111.989998,114.639999,111.959999,112.099998,107.984261,1939700
2015-02-02,41974,112.480003,114.120003,111.059998,113.980003,109.795242,1099400
2015-02-03,41975,115.43,116.870003,114.489998,116.660004,112.376846,1689200
2015-02-04,41976,115.349998,116.269997,115.150002,115.519997,111.278687,1110300
2015-02-05,41977,116.379997,117.370003,116.010002,117.099998,112.800674,944500
2015-02-06,41978,116.900002,117.449997,115.779999,116.150002,111.885567,1057200
2015-02-09,41979,115.160004,115.959999,114.410004,114.769997,110.556236,1324600
2015-02-10,41980,116.190002,117.410004,115.120003,117.07,112.771805,1011000
2015-02-11,41981,117.07,117.879997,116.599998,116.900002,112.60804,1161500
2015-02-12,41982,118.32,118.360001,116.699997,118.150002,113.812134,977200
2015-02-13,41983,117.900002,119.360001,117.82,119.330002,114.948807,1084900
2015-02-17,41984,119.330002,120.660004,118.790001,120.389999,115.969894,1229000
2015-02-18,41985,120.550003,120.620003,119.730003,120.300003,115.883194,1109600
2015-02-19,41986,120.120003,120.660004,119.839996,120.199997,115.786873,720300
2015-02-20,41987,119.870003,121.690002,119.620003,121.589996,117.125839,1058200
2015-02-23,41988,121.589996,121.589996,120.730003,121.309998,116.856117,770100
2015-02-24,41989,121.07,121.839996,120.699997,121.760002,117.289589,819500
2015-02-25,41990,121.449997,121.75,120.440002,120.519997,116.095108,986300
2015-02-26,41991,120.519997,121.389999,119.860001,121.330002,116.875381,579400
2015-02-27,41992,120.980003,121.370003,120.300003,120.389999,115.969894,698100
2015-03-02,41993,120.389999,121.540001,120.199997,121.389999,116.933182,1266800
2015-03-03,41994,121.190002,121.279999,118.709999,119.269997,114.891014,873300
2015-03-04,41995,119.150002,119.660004,117.970001,118.760002,114.611137,1026300
2015-03-05,41996,119.139999,119.739998,118.629997,119.18,115.016479,1145400
2015-03-06,41997,119.129997,119.139999,116.239998,116.349998,112.285324,1243200
2015-03-09,41998,116.949997,117.230003,116.190002,116.949997,112.864349,1204200
2015-03-10,41999,115.540001,116.709999,115.230003,115.510002,111.474678,1170000
2015-03-11,42000,116.150002,116.959999,115.849998,116.230003,112.16951,1020200
2015-03-12,42001,116.629997,117.660004,116.440002,117.199997,113.105644,1259900
2015-03-13,42002,117.559998,118.199997,115.379997,116.25,112.188812,1323100
2015-03-16,42003,116.650002,118.230003,116.650002,118.019997,113.897003,761000
2015-03-17,42004,117.300003,117.300003,114.510002,115.279999,111.252708,2853300
2015-03-18,42005,115.190002,119.919998,114.699997,119.209999,115.045433,2314900
2015-03-19,42006,118.599998,118.769997,118.050003,118.559998,114.418129,1249200
2015-03-20,42007,119.309998,119.730003,118.330002,118.760002,114.611137,1390200
2015-03-23,42008,118.760002,119.32,118.080002,118.470001,114.331276,847500
2015-03-24,42009,118.010002,118.68,117.309998,117.309998,113.211777,1142300
2015-03-25,42010,117.330002,118.199997,115.199997,115.309998,111.28167,1009900
2015-03-26,42011,115.339996,116.620003,114.660004,115.650002,111.609802,792900
2015-03-27,42012,115.699997,117.93,115.529999,117.5,113.395157,1288900
2015-03-30,42013,118.059998,118.989998,117.769997,118.57,114.427788,723100
2015-03-31,42014,117.860001,118.209999,117.120003,117.519997,113.414452,960800
2015-04-01,42015,118.220001,118.470001,115.709999,116.190002,112.130943,1049500
2015-04-02,42016,116.339996,117.660004,115.779999,116.919998,112.835426,632400
2015-04-06,42017,116.139999,117.629997,115.82,117.360001,113.26004,622500
2015-04-07,42018,117.190002,117.989998,115.970001,116.010002,111.957207,634700
2015-04-08,42019,116.089996,116.889999,115.230003,116.120003,112.063362,672000
2015-04-09,42020,116.300003,117.32,115.589996,117.199997,113.105644,840800
2015-04-10,42021,117.529999,117.860001,117.07,117.449997,113.346909,958600
2015-04-13,42022,117.739998,118.339996,115.970001,116.209999,112.150208,1176700
2015-04-14,42023,116.400002,117.110001,115.230003,115.959999,111.908974,1240800
2015-04-15,42024,116.18,116.620003,115.550003,115.620003,111.580849,986800
2015-04-16,42025,115.43,115.839996,114.980003,115.360001,111.329918,1002600
2015-04-17,42026,114.989998,115.099998,113.709999,114.610001,110.60611,1092600
2015-04-20,42027,115.080002,116.449997,114.879997,115.919998,111.870346,583300
2015-04-21,42028,116.389999,117.790001,116.339996,117.370003,113.269707,824400
2015-04-22,42029,117.120003,118.269997,116.57,117.489998,113.385529,731600
2015-04-23,42030,117.360001,119.099998,116.709999,118.57,114.427788,740500
2015-04-24,42031,118.089996,118.919998,117.730003,118.760002,114.611137,737600
2015-04-27,42032,119,119,116.349998,116.610001,112.536263,820400
2015-04-28,42033,116.040001,117.160004,114.519997,116.730003,112.652061,1130200
2015-04-29,42034,116.43,116.790001,114.830002,115.339996,111.310608,1305100
2015-04-30,42035,111.589996,112.010002,108.540001,109.839996,106.002762,3317600
2015-05-01,42036,110.169998,111.129997,109.480003,110.43,106.572151,1413500
2015-05-04,42037,110.720001,111.650002,110.410004,110.68,106.813416,1297700
2015-05-05,42038,110.690002,110.870003,109.550003,110.510002,106.649345,2116200
2015-05-06,42039,110.860001,111.330002,109.230003,110.099998,106.253662,1919400
2015-05-07,42040,110.379997,111.330002,110.07,111.040001,107.160828,1668300
2015-05-08,42041,112.199997,113.099998,111.709999,112.949997,109.004112,1244700
2015-05-11,42042,112.57,113.75,112.379997,113.18,109.226074,1409600
2015-05-12,42043,112.510002,112.940002,111.629997,112.239998,108.318909,2028800
2015-05-13,42044,112.639999,112.709999,111.730003,111.839996,108.144882,953100
2015-05-14,42045,112.739998,113.650002,112.139999,113.57,109.817711,1270500
2015-05-15,42046,113.529999,113.760002,112.809998,113.18,109.44059,783300
2015-05-18,42047,113.360001,114.559998,113.120003,114.279999,110.504242,598000
2015-05-19,42048,114.209999,114.760002,113.730003,114.339996,110.562271,706900
2015-05-20,42049,114.379997,114.910004,113.919998,114.339996,110.562271,441200
2015-05-21,42050,114.019997,114.529999,113.900002,114.459999,110.678307,584000
2015-05-22,42051,114.080002,114.470001,113.230003,113.769997,110.011093,1013300
2015-05-26,42052,113.790001,113.790001,112.709999,113.089996,109.353561,1136600
2015-05-27,42053,113.690002,114.43,112.709999,114.269997,110.494583,869300
2015-05-28,42054,113.949997,114.349998,112.75,113.389999,109.643639,1830900
2015-05-29,42055,112.989998,114.870003,112.559998,114.089996,110.320534,1795100
2015-06-01,42056,114.580002,115.220001,113.940002,114.769997,110.978065,887100
2015-06-02,42057,114.139999,114.830002,113.989998,114.160004,110.388222,684400
2015-06-03,42058,114.269997,114.68,113.660004,113.900002,110.136795,720000
2015-06-04,42059,112.93,114.190002,112.82,113.07,109.334221,895700
2015-06-05,42060,113,113.400002,112.339996,113.25,109.508286,952000
2015-06-08,42061,113.540001,114.470001,113.089996,113.139999,109.401909,876100
2015-06-09,42062,113.07,113.889999,112.57,112.639999,108.918434,855400
2015-06-10,42063,113.260002,114.010002,112.589996,113.660004,109.904755,1300200
2015-06-11,42064,113.889999,114.360001,113.610001,114.110001,110.339859,1405700
2015-06-12,42065,113.330002,113.709999,112.050003,112.199997,108.492966,1243000
2015-06-15,42066,111.519997,112.019997,110.949997,111.669998,107.980492,1100100
2015-06-16,42067,111.639999,112.839996,111.279999,112.550003,108.831406,755400
2015-06-17,42068,113.019997,113.279999,111.739998,112.5,108.783066,656400
2015-06-18,42069,113.040001,113.769997,112.959999,113.300003,109.556633,1012900
2015-06-19,42070,113.400002,113.769997,112.57,112.660004,108.937775,1616600
2015-06-22,42071,113.279999,113.919998,112.980003,113.400002,109.653336,824600
2015-06-23,42072,113.699997,113.769997,112.199997,112.68,108.957108,825700
2015-06-24,42073,112.5,115.5,112.160004,113.519997,109.769363,3486800
2015-06-25,42074,113.529999,114.209999,112.919998,113.269997,109.527603,1580400
2015-06-26,42075,113.699997,114.089996,113.110001,113.559998,109.808022,1802600
2015-06-29,42076,107,114.410004,97.480003,109.290001,105.679115,1561000
2015-06-30,42077,110.5,110.900002,108.75,109.230003,105.621101,2225300
2015-07-01,42078,110,111.349998,109.010002,109.209999,105.601746,1239900
2015-07-02,42079,110,110.980003,107,108.190002,104.615456,1402400
2015-07-06,42080,108.190002,109.540001,107.610001,108.790001,105.195641,1523400
2015-07-07,42081,108.900002,109.82,107.989998,109.769997,106.143272,795800
2015-07-08,42082,108.580002,109.290001,107.709999,107.940002,104.373734,1127300
2015-07-09,42083,109,109.489998,106.769997,106.839996,103.310066,1244400
2015-07-10,42084,107.849998,108.93,106.669998,106.809998,103.281075,1893200
2015-07-13,42085,107.269997,108.449997,107.110001,107.629997,104.073967,959600
2015-07-14,42086,108.120003,108.239998,107.129997,107.400002,103.851563,797600
2015-07-15,42087,107.860001,108,107.019997,107.129997,103.590477,950800
2015-07-16,42088,107.860001,108.199997,107.379997,107.769997,104.209343,1038300
2015-07-17,42089,107.080002,108.050003,106.900002,107.5,103.948257,890000
2015-07-20,42090,107.639999,108.330002,107.459999,108.029999,104.460739,1042500
2015-07-21,42091,108.059998,108.68,107.220001,108.260002,104.683167,1006500
2015-07-22,42092,108.190002,109.040001,107.82,108.540001,104.95388,1453900
2015-07-23,42093,108.129997,108.900002,107.589996,107.849998,104.286713,916600
2015-07-24,42094,107.529999,108.010002,106.599998,106.660004,103.136017,693900
2015-07-27,42095,106.400002,106.5,105.559998,105.779999,102.28508,739400
2015-07-28,42096,105.330002,106.660004,105.160004,106.5,102.981293,975600
2015-07-29,42097,106.82,107.470001,106.220001,107,103.464783,1188200
2015-07-30,42098,107,107.559998,104.43,104.849998,101.385811,2252400
2015-07-31,42099,104.849998,105.449997,103.690002,104.07,100.631577,1546800
2015-08-03,42100,104.470001,105.089996,103.75,104.330002,100.88298,1520000
2015-08-04,42101,104.459999,105.32,102.900002,103.129997,99.722641,1043900
2015-08-05,42102,104.010002,104.449997,103.440002,103.879997,100.447853,1058900
2015-08-06,42103,103.660004,103.760002,101.290001,101.690002,98.330223,1458300
2015-08-07,42104,101.790001,101.900002,100.360001,101.730003,98.368904,1423300
2015-08-10,42105,102.730003,103.599998,101.959999,103.43,100.012726,1206800
2015-08-11,42106,103.07,104.339996,102.699997,104.169998,100.728279,1688800
2015-08-12,42107,103.18,103.68,101.699997,103.68,100.254463,1137500
2015-08-13,42108,105.699997,110.809998,103.400002,104.360001,100.911987,1279300
2015-08-14,42109,104.400002,105.650002,102.879997,105.529999,102.043358,1476600
2015-08-17,42110,104.699997,106.440002,104.239998,106.389999,102.874931,1058500
2015-08-18,42111,105.970001,106.379997,105.489998,105.970001,102.468811,910600
2015-08-19,42112,105.32,106.900002,104.5,106.139999,102.633179,1251800
2015-08-20,42113,104.879997,105.660004,104.589996,104.879997,101.414825,1457600
2015-08-21,42114,104.559998,105.709999,103.989998,104.360001,100.911987,2229300
2015-08-24,42115,101.110001,101.110001,94.730003,99.57,96.280266,2782100
2015-08-25,42116,104.43,104.529999,98.029999,98.029999,94.79113,1495600
2015-08-26,42117,99.169998,101.160004,98.029999,101.019997,97.682358,1301300
2015-08-27,42118,100.959999,103.449997,100.919998,103.410004,99.993401,1474700
2015-08-28,42119,103,104.480003,101.669998,104.370003,100.921684,1493600
2015-08-31,42120,103.599998,104.889999,103.449997,103.559998,100.138435,1626600
2015-09-01,42121,102.75,102.75,100.089996,100.650002,97.324585,1598700
2015-09-02,42122,100.989998,101.660004,100.32,101.629997,98.272186,1293500
2015-09-03,42123,101.790001,103.529999,101.110001,102.089996,98.716988,1280200
2015-09-04,42124,100.559998,101.389999,100.040001,100.459999,97.140854,1669500
2015-09-08,42125,101.980003,102.739998,101.370003,102.690002,99.297188,1233300
2015-09-09,42126,103.349998,104,100.889999,101.230003,97.885422,1498200
2015-09-10,42127,98.889999,100.989998,98.400002,100.099998,96.792755,1614900
2015-09-11,42128,100.440002,100.519997,99.68,100.199997,96.889435,1343600
2015-09-14,42129,95.129997,100.339996,95.129997,99.040001,95.767792,1473300
2015-09-15,42130,100.050003,102.949997,99.110001,99.970001,96.667038,1015400
2015-09-16,42131,100.220001,101.019997,99.019997,100.739998,97.411606,1146300
2015-09-17,42132,101.32,102.199997,100.370003,100.889999,97.556656,780800
2015-09-18,42133,99.980003,100.07,98.949997,99.199997,95.922493,1611800
2015-09-21,42134,99.32,100.620003,98.080002,98.190002,94.945862,1711900
2015-09-22,42135,97.769997,97.900002,96.849998,97.580002,94.356018,2274500
2015-09-23,42136,97.370003,99.82,96.989998,97.349998,94.133606,862900
2015-09-24,42137,96.510002,97.589996,95.190002,95.620003,92.460754,1327800
2015-09-25,42138,96.089996,96.940002,93.610001,94.440002,91.319763,1577500
2015-09-28,42139,93.989998,94.059998,90.919998,92.410004,89.565468,2275000
2015-09-29,42140,92.230003,94.239998,92.110001,93.790001,90.902985,2290200
2015-09-30,42141,94.550003,94.910004,93.129997,93.93,91.038666,1951000
2015-10-01,42142,93.82,94.120003,92,93.959999,91.067741,1557300
2015-10-02,42143,88.769997,95.279999,88.769997,95.269997,92.337425,1314200
2015-10-05,42144,95.849998,96.309998,94.889999,95.5,92.560356,1312700
2015-10-06,42145,95.440002,96.099998,93.139999,93.989998,91.096825,2332500
2015-10-07,42146,94.610001,95.059998,94.099998,94.889999,91.969131,597400
2015-10-08,42147,94.650002,95.550003,93.650002,95.440002,92.502205,952100
2015-10-09,42148,95.580002,96.660004,95.309998,96.449997,93.481125,968100
2015-10-12,42149,96.239998,96.830002,95.489998,96.510002,93.539261,979900
2015-10-13,42150,95.870003,96.730003,95.559998,96.089996,93.132172,1387700
2015-10-14,42151,96.309998,96.349998,95.080002,95.190002,92.259888,866000
2015-10-15,42152,95.190002,98.089996,95,97.919998,94.905869,1543200
2015-10-16,42153,98.029999,98.860001,97.809998,98.540001,95.50676,1448200
2015-10-19,42154,98.139999,99.269997,97.730003,98.190002,95.167549,1019600
2015-10-20,42155,97.889999,98.040001,96.93,97.709999,94.702332,713800
2015-10-21,42156,97.849998,98.410004,96.730003,96.900002,93.917252,1211300
2015-10-22,42157,96.900002,97.629997,94.209999,94.389999,91.484505,1928400
2015-10-23,42158,94.860001,96.519997,93.919998,94.559998,91.649277,1963600
2015-10-26,42159,94.239998,94.790001,93.690002,94.669998,91.755905,940000
2015-10-27,42160,94.190002,95.5,93.93,95.190002,92.259888,1121400
2015-10-28,42161,95.220001,98.489998,94.080002,97.870003,94.857391,1698400
2015-10-29,42162,102.169998,105.57,102.099998,104.870003,101.641945,2597300
2015-10-30,42163,104.75,105.849998,103.519997,104.57,101.351166,1896800
2015-11-02,42164,104.779999,107.110001,104.599998,106.949997,103.65789,1429100
2015-11-03,42165,106.769997,107,105.720001,106.400002,103.124855,1103400
2015-11-04,42166,107.540001,108.029999,107,107.790001,104.472046,1134100
2015-11-05,42167,107.400002,108.160004,106.720001,107.849998,104.53022,1060300
2015-11-06,42168,107.349998,108.099998,106.309998,107.279999,103.977745,1409400
2015-11-09,42169,107.160004,107.410004,106.5,106.919998,103.62883,736800
2015-11-10,42170,107.209999,107.739998,106.760002,107.260002,103.958366,597800
2015-11-11,42171,107.330002,107.730003,106.43,106.629997,103.347748,464500
2015-11-12,42172,102.279999,105.629997,102.279999,104.650002,101.428703,1374500
2015-11-13,42173,104.57,105.220001,103.970001,104.290001,101.079781,737700
2015-11-16,42174,104.629997,105.610001,103.769997,105.589996,102.339767,777800
2015-11-17,42175,105.209999,106.160004,104.650002,104.75,101.525627,698700
2015-11-18,42176,104.75,105.849998,104.110001,104.970001,101.738853,1236600
2015-11-19,42177,105,105,102.489998,104.07,100.866547,1051100
2015-11-20,42178,104.519997,108.989998,103.269997,103.739998,100.546722,1642900
2015-11-23,42179,103.75,103.970001,102.25,102.849998,99.684105,1001600
2015-11-24,42180,102.099998,102.389999,101.110001,101.919998,98.78273,1275600
2015-11-25,42181,102.18,102.220001,101.019997,101.290001,98.172119,979200
2015-11-27,42182,101.529999,101.870003,100.519997,101,97.891052,891000
2015-11-30,42183,101.110001,101.949997,100.900002,101.010002,97.900749,1553900
2015-12-01,42184,102.010002,102.989998,101.800003,102.720001,99.558113,1668900
2015-12-02,42185,102.720001,103.25,102.230003,102.260002,99.112259,1582600
2015-12-03,42186,102.339996,102.720001,99.089996,99.360001,96.301537,1903800
2015-12-04,42187,99.650002,101.190002,99.360001,100.550003,97.454903,1100000
2015-12-07,42188,100.440002,100.989998,99.589996,100.410004,97.319221,988800
2015-12-08,42189,99.800003,100.459999,99.080002,99.779999,96.708618,1245900
2015-12-09,42190,99.339996,101.620003,98.809998,100,96.921837,1832700
2015-12-10,42191,100.629997,100.629997,99.300003,99.970001,96.892754,1151500
2015-12-11,42192,98.75,99.830002,98.519997,98.959999,95.913857,936500
2015-12-14,42193,99.029999,99.709999,98.080002,99.489998,96.427551,1090900
2015-12-15,42194,100.199997,101.25,99.459999,101.059998,97.949203,1394700
2015-12-16,42195,101.220001,102.269997,100.099998,101.93,98.792427,1031000
2015-12-17,42196,101.93,102.349998,100.57,100.709999,97.609962,1344800
2015-12-18,42197,100.199997,100.239998,98.879997,98.959999,95.913857,1190500
2015-12-21,42198,99.360001,100.660004,98.910004,100.230003,97.144753,1163800
2015-12-22,42199,100.75,102,99.970001,101.730003,98.598587,736500
2015-12-23,42200,102.239998,103.029999,101.730003,102.769997,99.60656,627300
2015-12-24,42201,102.419998,103.519997,102.419998,102.910004,99.742249,233500
2015-12-28,42202,102.309998,102.720001,101.889999,102.25,99.10257,337100
2015-12-29,42203,100.769997,103.160004,100.769997,102.769997,99.821342,377100
2015-12-30,42204,102.849998,103.269997,102.160004,102.470001,99.529945,350500
2015-12-31,42205,101.980003,103.129997,101.660004,102.589996,99.646507,659600
2016-01-04,42206,101.120003,103.059998,100.169998,101.809998,98.888885,2042800
2016-01-05,42207,102,104.459999,101.599998,103.93,100.948074,2227900
2016-01-06,42208,102.510002,105.269997,102.370003,104.379997,101.385147,2671100
2016-01-07,42209,102.160004,103.639999,101.43,101.980003,99.054008,1776300
2016-01-08,42210,102.209999,103.07,101.370003,101.550003,98.636368,1622300
2016-01-11,42211,101.690002,102.290001,98.620003,99.800003,96.936562,1578800
2016-01-12,42212,100.68,103.419998,99.889999,102.870003,99.91848,1840500
2016-01-13,42213,103.5,105.290001,100.870003,101.199997,98.296387,1974300
2016-01-14,42214,101.43,103.739998,100.949997,102.699997,99.753357,1184100
2016-01-15,42215,100.230003,102.309998,99.25,101.080002,98.179832,1516100
2016-01-19,42216,101.790001,101.93,98.07,99.239998,96.392616,1872100
2016-01-20,42217,97.879997,99.07,94.849998,98.279999,95.460152,1704100
2016-01-21,42218,98.519997,98.879997,97.209999,98.18,95.363037,940500
2016-01-22,42219,99.269997,99.769997,98.209999,99.150002,96.305214,921600
2016-01-25,42220,98.470001,99.790001,98.470001,99.059998,96.217796,1072300
2016-01-26,42221,99.580002,102.099998,99.370003,101.739998,98.820915,1468600
2016-01-27,42222,101.889999,103.699997,100.940002,101.639999,98.723763,1970000
2016-01-28,42223,103.010002,103.940002,97.099998,97.550003,94.751122,2307000
2016-01-29,42224,98.279999,99.419998,97.32,99.260002,96.412071,2242600
2016-02-01,42225,98.279999,99.760002,97.760002,99.029999,96.18866,1561400
2016-02-02,42226,98.43,99.370003,97.800003,98.040001,95.227058,1204800
2016-02-03,42227,98.730003,98.860001,95.849998,97.260002,94.469444,1417900
2016-02-04,42228,97.669998,98.580002,96.940002,97.550003,94.751122,1553400
2016-02-05,42229,96.059998,96.489998,94.709999,95.010002,92.284012,3952400
2016-02-08,42230,94.949997,95.139999,90.309998,92.029999,89.389503,2825800
2016-02-09,42231,91.610001,92.93,90.760002,91.900002,89.263229,1538700
2016-02-10,42232,92.089996,94.550003,92.089996,92.910004,90.244263,1279100
2016-02-11,42233,91.830002,92.419998,90.82,91.68,89.049538,1507400
2016-02-12,42234,88.449997,92.339996,88.269997,91.779999,89.146683,1215000
2016-02-16,42235,91.919998,93.669998,91.519997,93.620003,90.933876,1316200
2016-02-17,42236,94.110001,95.849998,93.940002,95.370003,92.633675,1284500
2016-02-18,42237,95.370003,95.980003,94.690002,95.089996,92.361702,849300
2016-02-19,42238,94.940002,95.089996,94.089996,94.790001,92.07032,717500
2016-02-22,42239,95.639999,96.040001,94.610001,95.139999,92.410271,1111900
2016-02-23,42240,94.790001,95.489998,92.93,93.559998,90.875603,1445700
2016-02-24,42241,93.470001,94.620003,92.879997,94.349998,91.642929,872200
2016-02-25,42242,95.029999,96.889999,94.629997,96.889999,94.110062,1453400
2016-02-26,42243,96.900002,98.239998,96.559998,97.529999,94.731689,1063700
2016-02-29,42244,97.5,98.220001,96.660004,96.809998,94.032341,1495600
2016-03-01,42245,97,97.730003,95.440002,97.389999,94.595703,1483800
2016-03-02,42246,97.43,98,96.139999,97.440002,94.644264,1068300
2016-03-03,42247,97.019997,99.07,97.019997,98.889999,96.052673,1201400
2016-03-04,42248,98.080002,99.830002,97.839996,99.290001,96.441208,1133400
2016-03-07,42249,98.459999,100.720001,98.389999,100.68,97.791321,1932400
2016-03-08,42250,100,101.220001,99.419998,100.550003,97.665039,1255900
2016-03-09,42251,100.650002,101.230003,100.059998,100.379997,97.499908,747700
2016-03-10,42252,101.550003,101.550003,100.419998,100.860001,97.966156,1850000
2016-03-11,42253,101.860001,104.599998,101.860001,104.599998,101.598839,2302900
2016-03-14,42254,104,105.480003,103.760002,105.050003,102.035942,1961800
2016-03-15,42255,104.389999,105.050003,104.099998,104.309998,101.317162,1299600
2016-03-16,42256,104.099998,105.089996,103.330002,104.260002,101.268578,921200
2016-03-17,42257,104.010002,104.940002,102.900002,103.589996,100.617813,758200
2016-03-18,42258,103.650002,104.720001,103.220001,104.510002,101.511414,1381800
2016-03-21,42259,104.160004,104.730003,103.290001,104.379997,101.385147,702100
2016-03-22,42260,103.349998,104.82,103.169998,104.410004,101.414291,942300
2016-03-23,42261,104.580002,105,103.779999,104.43,101.433716,921800
2016-03-24,42262,103.580002,104.309998,103.07,103.739998,100.763519,852400
2016-03-28,42263,105.260002,105.93,103.760002,104.339996,101.346306,783300
2016-03-29,42264,104.43,105.949997,103.949997,105.839996,103.040268,981300
2016-03-30,42265,106.410004,107.010002,105.93,106.699997,103.877502,1356100
2016-03-31,42266,106.879997,107.220001,106.25,106.629997,103.809372,1322800
2016-04-01,42267,106.309998,107.639999,105.830002,107.370003,104.529785,1658600
2016-04-04,42268,107.720001,108.620003,106.550003,106.860001,104.033295,1525700
2016-04-05,42269,106.07,107.169998,105.529999,105.980003,103.176567,1348500
2016-04-06,42270,105.860001,108.57,105.650002,108.089996,105.230759,1366300
2016-04-07,42271,107.809998,108.199997,107.169998,108.150002,105.289162,1694400
2016-04-08,42272,108.5,109.169998,108.5,108.959999,106.077751,1319100
2016-04-11,42273,109.059998,109.709999,108.669998,109.300003,106.408737,1396000
2016-04-12,42274,109.690002,111.739998,109.379997,111.57,108.618683,1895500
2016-04-13,42275,111.830002,114.519997,111.660004,114.449997,111.422508,2541600
2016-04-14,42276,114.300003,115.760002,114.059998,115.43,112.376595,1534200
2016-04-15,42277,115,115.050003,112.080002,114.029999,111.013626,1806300
2016-04-18,42278,113.660004,113.949997,112.949997,113.610001,110.604721,1145800
2016-04-19,42279,114.120003,114.589996,113.440002,113.839996,110.828644,1169400
2016-04-20,42280,113.839996,115.410004,113.360001,114.839996,111.8022,1298500
2016-04-21,42281,114.510002,115.940002,113.730003,114.400002,111.373848,1230100
2016-04-22,42282,114.620003,115.209999,114.209999,114.760002,111.724304,987100
2016-04-25,42283,114.110001,115,113.739998,114.660004,111.626953,1020300
2016-04-26,42284,115,115.550003,114.459999,115.209999,112.162399,931500
2016-04-27,42285,115.540001,117,115.32,115.889999,112.824425,1378700
2016-04-28,42286,116.010002,117.769997,114.510002,115,111.957954,2483600
2016-04-29,42287,115,116.440002,114.349998,115.769997,112.707588,1969300
2016-05-02,42288,115.769997,116.129997,114.5,115.93,112.863365,1632700
2016-05-03,42289,115.690002,115.940002,114.540001,114.900002,111.860603,1150800
2016-05-04,42290,114.459999,114.980003,113.739998,114.690002,111.656174,1315400
2016-05-05,42291,114.900002,115.970001,114.269997,115.940002,112.873085,904500
2016-05-06,42292,115.910004,116.080002,114.389999,115.400002,112.347389,851600
2016-05-09,42293,115.830002,117.290001,115.599998,116.43,113.350143,1276500
2016-05-10,42294,116.519997,117.480003,116.309998,117.379997,114.275017,920600
2016-05-11,42295,117.25,118.559998,116.889999,116.93,113.836899,903200
2016-05-12,42296,117.230003,117.949997,116.120003,117.440002,114.333412,1283600
2016-05-13,42297,117.089996,118.610001,116.610001,117.440002,114.333412,1667000
2016-05-16,42298,117.480003,119.989998,117.449997,119.599998,116.436287,1545900
2016-05-17,42299,119.059998,119.839996,117.849998,118.5,115.365387,1060200
2016-05-18,42300,118.25,119.720001,117.849998,118.82,115.676918,929400
2016-05-19,42301,118.230003,118.940002,116.93,118.190002,115.063599,1002600
2016-05-20,42302,118.779999,119.709999,118.370003,119.330002,116.173431,1650700
2016-05-23,42303,119.379997,119.970001,118.959999,119.43,116.270775,1147600
2016-05-24,42304,119.75,120.900002,119.43,120.760002,117.565598,1616900
2016-05-25,42305,121.199997,122.269997,120.910004,121.93,118.704651,1593000
2016-05-26,42306,121.790001,122.629997,121.029999,122.489998,119.24984,1260700
2016-05-27,42307,122.339996,123.43,122.059998,123.07,119.814491,1022700
2016-05-31,42308,122.910004,123,121.269997,122.110001,118.87989,2028900
2016-06-01,42309,122.110001,122.410004,121.019997,122.150002,118.918839,953000
2016-06-02,42310,122.150002,122.910004,121.669998,122.910004,119.658722,862200
2016-06-03,42311,122.720001,122.769997,121.230003,121.82,118.597557,1246800
2016-06-06,42312,121.809998,122.290001,121.150002,121.540001,118.324974,2121700
2016-06-07,42313,121.050003,121.120003,116.220001,119.43,116.270775,4130700
2016-06-08,42314,119.43,120.080002,118.110001,119.760002,116.592056,1648600
2016-06-09,42315,119.300003,120.129997,118.809998,119.400002,116.24157,1114800
2016-06-10,42316,118.959999,119.269997,118.220001,119.230003,116.076065,1098800
2016-06-13,42317,118.470001,119.959999,118.169998,118.239998,115.112259,1578100
2016-06-14,42318,115.040001,116.830002,115.040001,116.82,113.729828,6192000
2016-06-15,42319,117,117.150002,116.129997,116.419998,113.340408,1842200
2016-06-16,42320,116.080002,116.779999,114.949997,116.709999,113.622726,2138400
2016-06-17,42321,116.669998,116.879997,115.449997,116.480003,113.398819,2234600
2016-06-20,42322,117.510002,119.040001,117.330002,117.650002,114.537865,2626600
2016-06-21,42323,118.589996,119.050003,117.82,118.589996,115.452995,2469900
2016-06-22,42324,118.400002,119.529999,118.230003,118.629997,115.726151,1431400
2016-06-23,42325,119.379997,120.919998,119.160004,120.919998,117.960083,1941900
2016-06-24,42326,117.779999,118.900002,116.400002,116.690002,113.833633,6623800
2016-06-27,42327,116.510002,116.720001,114.110001,115.339996,112.516678,1726800
2016-06-28,42328,116.620003,117.419998,115.519997,117.32,114.448212,1379300
2016-06-29,42329,118.239998,119.330002,117.870003,119.150002,116.233414,1309500
2016-06-30,42330,119.669998,120.379997,118.68,120.379997,117.433304,1499000
2016-07-01,42331,120.629997,121.059998,120.25,120.68,117.72596,863300
2016-07-05,42332,120.589996,120.620003,119.220001,119.949997,117.013817,1189400
2016-07-06,42333,119.82,121.870003,119.330002,121.779999,118.799042,1837800
2016-07-07,42334,121.599998,122.800003,121.580002,122.019997,119.033157,1475600
2016-07-08,42335,122.93,124.980003,121.889999,124.889999,121.832901,1370400
2016-07-11,42336,124.790001,125.489998,124.370003,125.080002,122.018257,1220300
2016-07-12,42337,125.120003,126.18,124.849998,125.459999,122.388962,1085700
2016-07-13,42338,125.339996,125.629997,124.919998,125.57,122.496262,1055300
2016-07-14,42339,126.080002,126.650002,125.57,126.290001,123.198647,1014400
2016-07-15,42340,126.650002,126.790001,125.150002,125.419998,122.34993,846800
2016-07-18,42341,125.260002,126.080002,124.540001,124.82,121.764626,1181400
2016-07-19,42342,124.75,125.290001,123.800003,124.519997,121.471954,1170700
2016-07-20,42343,125.330002,126.660004,125.18,126.489998,123.39373,845700
2016-07-21,42344,125.949997,127.160004,125,125.290001,122.223129,1097400
2016-07-22,42345,124.790001,124.919998,122.68,124.480003,121.432953,1532700
2016-07-25,42346,124.480003,124.480003,123.25,123.349998,120.330605,1091400
2016-07-26,42347,123.349998,123.870003,122.57,123.620003,120.594017,1408200
2016-07-27,42348,123.620003,123.830002,121.629997,122.68,119.67701,1558800
2016-07-28,42349,126.5,129.580002,126.019997,127.470001,124.349762,2639200
2016-07-29,42350,127.470001,131.330002,127.459999,131.139999,127.929924,1958500
2016-08-01,42351,130.869995,131.570007,130.449997,131.059998,127.851898,1420800
2016-08-02,42352,130.860001,131.360001,129.639999,130.589996,127.393402,1029300
2016-08-03,42353,130.699997,130.789993,129.970001,130.429993,127.237282,952400
2016-08-04,42354,130.619995,131.080002,129.479996,130.910004,127.705574,968300
2016-08-05,42355,131.229996,131.589996,130.690002,131.399994,128.183563,757900
2016-08-08,42356,131.240005,131.830002,130.889999,131.660004,128.437164,736000
2016-08-09,42357,131.850006,133.190002,131.389999,133.089996,129.832199,1117800
2016-08-10,42358,129,129.899994,127.879997,128.919998,125.764267,4586000
2016-08-11,42359,129.009995,129.979996,129.009995,129.5,126.33007,2206000
2016-08-12,42360,129.610001,129.979996,128.759995,129.339996,126.173965,867200
2016-08-15,42361,129.490005,129.929993,129.389999,129.910004,126.730034,1383600
2016-08-16,42362,129.380005,129.490005,128.300003,128.300003,125.159439,1206300
2016-08-17,42363,128.889999,129.160004,127.089996,127.779999,124.652168,1411700
2016-08-18,42364,127.949997,128.350006,127.389999,128.020004,124.886307,1214700
2016-08-19,42365,127.279999,127.959999,126.82,127.779999,124.652168,1024100
2016-08-22,42366,127.849998,128.630005,126.889999,128.259995,125.12043,797800
2016-08-23,42367,128.690002,129.899994,128.529999,129.770004,126.593452,1202900
2016-08-24,42368,129.850006,130.690002,127.559998,127.800003,124.671677,1413500
2016-08-25,42369,127.5,128.839996,127.139999,128.160004,125.022858,1270000
2016-08-26,42370,128.600006,129.679993,127.639999,129.509995,126.339821,1378500
2016-08-29,42371,129.710007,130.960007,129.559998,130.589996,127.393402,846600
2016-08-30,42372,131.259995,131.320007,128.850006,129.869995,126.691025,1093200
2016-08-31,42373,129.949997,130.139999,128.899994,129.610001,126.437355,1145900
2016-09-01,42374,129.5,129.970001,128.059998,128.350006,125.208221,965300
2016-09-02,42375,128.899994,129.470001,128.589996,129.399994,126.232529,1086400
2016-09-06,42376,129.570007,130.070007,129.009995,129.940002,126.7593,940900
2016-09-07,42377,130.110001,131.179993,129.529999,129.970001,126.788582,1024200
2016-09-08,42378,129.789993,130.080002,129.179993,130,126.817825,827800
2016-09-09,42379,128.970001,129.039993,125.279999,125.290001,122.223129,1412300
2016-09-12,42380,124.75,126.93,124.059998,126.550003,123.452278,1713800
2016-09-13,42381,125.870003,126.07,122.870003,123.519997,120.496445,1456900
2016-09-14,42382,123.449997,124.129997,122.970001,123.410004,120.38913,1518800
2016-09-15,42383,123.389999,125.720001,122.940002,124.889999,121.832901,1096100
2016-09-16,42384,124.599998,124.980003,123.529999,124.300003,121.257355,1590600
2016-09-19,42385,124.93,125.790001,124.540001,124.970001,121.910957,888800
2016-09-20,42386,125.879997,125.949997,124.790001,124.790001,121.735352,753700
2016-09-21,42387,124.870003,127.419998,124.870003,127.190002,124.315704,896300
2016-09-22,42388,127.75,129.580002,127.459999,128.869995,125.957718,965200
2016-09-23,42389,128.380005,128.770004,127.720001,128.330002,125.429932,630400
2016-09-26,42390,127.599998,127.809998,126.760002,126.879997,124.012703,590500
2016-09-27,42391,127.129997,128.399994,126.540001,128.009995,125.117157,934300
2016-09-28,42392,127.779999,128.729996,125.010002,128.610001,125.703606,664500
2016-09-29,42393,128.539993,128.839996,127.010002,127.839996,124.951012,1331800
2016-09-30,42394,128.669998,130.490005,128.25,130.020004,127.081741,1391300
2016-10-03,42395,129.5,129.910004,128.809998,129.880005,126.944916,1067200
2016-10-04,42396,129.770004,130.160004,128.520004,129.229996,126.309578,659000
2016-10-05,42397,129.75,131.020004,129.339996,130.550003,127.599762,976700
2016-10-06,42398,130.139999,130.850006,129.5,130.789993,127.834343,680000
2016-10-07,42399,130.820007,131.25,130.039993,131,128.039597,763900
2016-10-10,42400,131.509995,133.210007,131.330002,132.740005,129.74028,832100
2016-10-11,42401,132.309998,132.309998,125.57,126.620003,123.758591,2182300
2016-10-12,42402,126.779999,127.370003,125.129997,127.040001,124.16909,1581900
2016-10-13,42403,126.18,127.220001,125.480003,126.910004,124.042038,860500
2016-10-14,42404,127.730003,128.449997,127.089996,127.150002,124.276596,1307100
2016-10-17,42405,127.160004,127.230003,126.449997,126.620003,123.758591,740600
2016-10-18,42406,127.690002,129.699997,127.599998,129.100006,126.182533,1294900
2016-10-19,42407,129.110001,129.410004,127.610001,128.080002,125.185577,772300
2016-10-20,42408,128.160004,128.679993,127.480003,128.210007,125.31266,897000
2016-10-21,42409,127.379997,127.660004,126,127.519997,124.638222,699500
2016-10-24,42410,128.289993,128.660004,127.709999,127.989998,125.097603,788700
2016-10-25,42411,127.900002,127.910004,125.470001,125.589996,122.751831,963800
2016-10-26,42412,124.779999,125,120.82,121.080002,118.343765,2060600
2016-10-27,42413,121.080002,121.620003,119.629997,120.989998,118.255814,1580900
2016-10-28,42414,120.980003,124,120.32,122.550003,119.780556,2312200
2016-10-31,42415,106.629997,108.400002,103.93,105.400002,103.018127,10077300
2016-11-01,42416,106.550003,107,103.120003,103.760002,101.415184,5159800
2016-11-02,42417,103.709999,104.199997,101.919998,102.019997,99.714493,2947400
2016-11-03,42418,102.029999,103.269997,101.330002,102.540001,100.222748,2234700
2016-11-04,42419,103.110001,105.93,103,103.010002,100.682137,2456200
2016-11-07,42420,104.120003,105.400002,103.699997,104.449997,102.089577,2165900
2016-11-08,42421,102.669998,103.419998,99.699997,101.830002,99.528809,5193100
2016-11-09,42422,104.169998,104.169998,97.830002,101.620003,99.32354,3794100
2016-11-10,42423,102.43,103.739998,99.050003,100.68,98.40477,2691800
2016-11-11,42424,100.18,100.559998,97.709999,98.029999,95.814667,2873200
2016-11-14,42425,98.139999,98.169998,95.629997,97.989998,95.775589,4404900
2016-11-15,42426,98.43,102.040001,98.370003,101.449997,99.157379,3504700
2016-11-16,42427,100.900002,101.410004,100.120003,100.879997,98.60025,1326500
2016-11-17,42428,100.800003,101.510002,100.730003,100.800003,98.522072,1652400
2016-11-18,42429,101.040001,101.959999,100.559998,100.639999,98.365692,2409900
2016-11-21,42430,100.639999,102.309998,100.309998,102.089996,99.782906,1709000
2016-11-22,42431,100.949997,100.949997,98.199997,100.809998,98.531837,3093700
2016-11-23,42432,100.190002,101.860001,100.089996,101,98.717552,1479500
2016-11-25,42433,102,102.93,101.589996,102.360001,100.046806,708300
2016-11-28,42434,102.239998,103.339996,101.839996,101.980003,99.6754,1587900
2016-11-29,42435,103.57,104.339996,102.959999,103.400002,101.063316,2183100
2016-11-30,42436,103.440002,103.699997,101.639999,101.860001,99.558121,1960100
2016-12-01,42437,101.790001,102.410004,99.110001,99.790001,97.534904,1547800
2016-12-02,42438,100.160004,101.559998,99.589996,100.199997,97.935616,1155000
2016-12-05,42439,101.029999,101.510002,100.160004,101.43,99.137833,1790000
2016-12-06,42440,101.18,104.739998,100.690002,104.610001,102.245979,2005100
2016-12-07,42441,104.230003,105.220001,103.300003,104.419998,102.060257,1558800
2016-12-08,42442,104.449997,104.800003,103.779999,104.449997,102.089577,1272500
2016-12-09,42443,105.160004,105.5,104.43,105.220001,102.842194,1324600
2016-12-12,42444,105.440002,106.449997,105.220001,105.809998,103.418846,1449400
2016-12-13,42445,105.769997,106.980003,105.389999,106.730003,104.318062,1020400
2016-12-14,42446,106.089996,106.269997,104,104.870003,102.500092,2068400
2016-12-15,42447,102.5,103.839996,100.809998,102.650002,100.330254,3247600
2016-12-16,42448,102.410004,103.529999,102.349998,103.5,101.161057,2765800
2016-12-19,42449,103.459999,103.779999,102.599998,102.860001,100.535515,1145300
2016-12-20,42450,102.879997,103.5,101.599998,101.849998,99.548355,1763900
2016-12-21,42451,101.830002,102.360001,101.370003,101.660004,99.362633,1480700
2016-12-22,42452,101.68,101.720001,100.870003,101.57,99.274673,854500
2016-12-23,42453,101.57,102.699997,101.43,102.32,100.007729,664000
2016-12-27,42454,102.529999,103.389999,101.980003,103.139999,100.809174,1146500
2016-12-28,42455,102.839996,104.199997,102.839996,103.059998,100.965942,1315600
2016-12-29,42456,103,103.739998,102.830002,103.5,101.397003,683300
2016-12-30,42457,103.309998,103.93,102.849998,103.199997,101.103096,973800
2017-01-03,42458,103.870003,103.900002,102.589996,103.330002,101.230438,1381100
2017-01-04,42459,103.879997,105.349998,103.379997,104.279999,102.16114,1502800
2017-01-05,42460,104.580002,105.279999,104.110001,104.949997,102.817528,1453900
2017-01-06,42461,105.139999,105.309998,103.620003,104.959999,102.827324,1821000
2017-01-09,42462,104.769997,107.199997,104.769997,107,104.825874,1128100
2017-01-10,42463,110.510002,115.940002,110.5,113.669998,111.360359,3973400
2017-01-11,42464,113.989998,116.160004,113.419998,114.75,112.418404,2485000
2017-01-12,42465,113.709999,114.900002,111.980003,114.43,112.104904,1546700
2017-01-13,42466,114.620003,115.410004,114.089996,115.199997,112.859261,1034300
2017-01-17,42467,114.209999,115.75,114.050003,115.449997,113.104179,1241400
2017-01-18,42468,115.660004,116,114.730003,115.470001,113.123772,902200
2017-01-19,42469,115.110001,115.379997,113.919998,114.580002,112.251862,934600
2017-01-20,42470,114.800003,115.339996,113.190002,113.650002,111.340759,1401800
2017-01-23,42471,113.379997,114.470001,113.379997,114.160004,111.840401,1369700
2017-01-24,42472,113.93,115.339996,113.5,114.559998,112.232262,1336300
2017-01-25,42473,114.559998,116.190002,114.389999,115.940002,113.584229,1484600
2017-01-26,42474,115.910004,116.260002,114.93,115.349998,113.00621,1147600
2017-01-27,42475,115.830002,117.800003,115.519997,116.959999,114.583511,1213200
2017-01-30,42476,116.839996,116.839996,114.949997,115.389999,113.045403,2850600
2017-01-31,42477,115.860001,120.410004,115.860001,118.330002,115.925667,2963000
2017-02-01,42478,118.809998,119.25,117.349998,118.510002,116.102013,1461400
2017-02-02,42479,117.75,118.32,117.050003,117.620003,115.230095,1685500
2017-02-03,42480,118.199997,118.959999,117.629997,118.139999,115.739517,1019000
2017-02-06,42481,117.779999,118.279999,116.730003,117.239998,114.857819,1075200
2017-02-07,42482,117.830002,118.379997,117.110001,118.110001,115.710152,800100
2017-02-08,42483,117.870003,118.220001,116.849998,117.150002,114.769653,1011000
2017-02-09,42484,117.150002,118.099998,117.110001,117.599998,115.210503,1002000
2017-02-10,42485,117.540001,117.809998,116.870003,117.330002,114.945984,780500
2017-02-13,42486,117.43,118.120003,117.239998,117.75,115.357452,659900
2017-02-14,42487,117.379997,117.75,116.68,117.18,114.799034,1129700
2017-02-15,42488,116.760002,117.75,116.709999,117.309998,114.926392,1160200
2017-02-16,42489,117.57,118,115.870003,116.32,113.956505,1490200
2017-02-17,42490,116.209999,116.870003,115.330002,116.870003,114.495346,1220700
2017-02-21,42491,116.940002,117.550003,116.540001,117.169998,114.789223,1495800
2017-02-22,42492,116.870003,117.25,116.360001,116.900002,114.524719,1327900
2017-02-23,42493,117.029999,117.389999,115.489998,116.379997,114.015289,1463700
2017-02-24,42494,115.910004,117.07,115.639999,116.919998,114.544304,990300
2017-02-27,42495,117.099998,117.300003,116.330002,116.959999,114.583511,1577900
2017-02-28,42496,116.970001,117.480003,116.629997,117.080002,114.701057,1244200
2017-03-01,42497,117.559998,119.449997,117.349998,118.889999,116.474281,1101300
2017-03-02,42498,118.5,118.599998,117.519997,118.019997,115.621964,772200
2017-03-03,42499,117.93,118.379997,117.300003,118.279999,115.876678,708100
2017-03-06,42500,117.489998,117.760002,116.93,117.220001,114.838234,851200
2017-03-07,42501,116.830002,117.330002,116.209999,117.07,114.691269,887600
2017-03-08,42502,117.080002,117.889999,116.639999,117.599998,115.210503,904800
2017-03-09,42503,117.839996,119.449997,116.959999,119.18,116.758385,1116500
2017-03-10,42504,119.25,120.400002,119.25,120.080002,117.640121,1544400
2017-03-13,42505,120.25,120.639999,119.209999,119.790001,117.356003,1630800
2017-03-14,42506,119.199997,119.709999,118.470001,118.68,116.268562,961600
2017-03-15,42507,119.099998,120.169998,118.57,119.650002,117.218842,1016300
2017-03-16,42508,120.199997,120.199997,118.849998,119.410004,116.983727,1081100
2017-03-17,42509,119.349998,122.089996,118.839996,121.669998,119.1978,2289900
2017-03-20,42510,121.599998,122.269997,121.099998,121.650002,119.178215,1343000
2017-03-21,42511,122,123.150002,120.599998,120.980003,118.521828,1339100
2017-03-22,42512,120.959999,122.400002,120.599998,121.379997,118.913696,1005800
2017-03-23,42513,121.239998,121.720001,120.110001,120.400002,117.953613,999500
2017-03-24,42514,120.400002,121.110001,120.309998,120.660004,118.208328,716500
2017-03-27,42515,120.660004,120.660004,118.82,120.290001,117.845833,1450100
2017-03-28,42516,120.889999,121.459999,119.940002,121.190002,118.727554,888900
2017-03-29,42517,120.839996,121.769997,120.739998,121.370003,119.139839,507400
2017-03-30,42518,120.970001,121.910004,120.900002,121.360001,119.130005,526400
2017-03-31,42519,120.790001,122.459999,120.519997,122.110001,119.866241,860900
2017-04-03,42520,121.980003,122.279999,120.279999,121.349998,119.120193,971800
2017-04-04,42521,121.639999,121.800003,119.709999,120.769997,118.55085,577000
2017-04-05,42522,120.760002,121.550003,120.050003,120.18,117.971695,783900
2017-04-06,42523,120.419998,120.470001,119.580002,120.199997,117.991333,885900
2017-04-07,42524,120.120003,120.43,119.769997,119.879997,117.677216,436800
2017-04-10,42525,119.980003,120.769997,119.769997,120.029999,117.824455,457900
2017-04-11,42526,119.809998,120.029999,119.25,119.580002,117.382736,497800
2017-04-12,42527,118.910004,119.599998,118.519997,119.169998,116.980263,657500
2017-04-13,42528,119.029999,120.230003,118.339996,119.529999,117.333641,688400
2017-04-17,42529,120.019997,121.160004,119.739998,121.160004,118.933701,555700
2017-04-18,42530,120.580002,120.900002,119.169998,119.57,117.37291,953000
2017-04-19,42531,120.199997,120.779999,119.529999,120.260002,118.050232,797100
2017-04-20,42532,120.330002,122.25,119.459999,121.849998,119.611023,833400
2017-04-21,42533,121.660004,122.07,120.809998,121.190002,118.963142,814200
2017-04-24,42534,122.470001,123.519997,121.82,123.269997,121.004929,903200
2017-04-25,42535,123.400002,124.760002,123.010002,124.489998,122.202499,1076800
2017-04-26,42536,124.650002,125.419998,123.970001,125.32,123.017242,1745100
2017-04-27,42537,115.5,118.5,115,118.099998,115.929916,5906400
2017-04-28,42538,117.75,119.900002,117.029999,119.650002,117.451439,2360600
2017-05-01,42539,119.690002,121.949997,119,120.82,118.599953,2195700
2017-05-02,42540,120.900002,121.25,120.290001,120.629997,118.413437,1160100
2017-05-03,42541,120.459999,120.730003,118.599998,119.43,117.235489,1084300
2017-05-04,42542,119.349998,119.68,116.18,116.849998,114.702881,2343500
2017-05-05,42543,117.459999,117.459999,115.75,116.540001,114.398582,1501100
2017-05-08,42544,116.610001,117.209999,116.029999,116.910004,114.761795,1233000
2017-05-09,42545,116.849998,118.839996,116.800003,118.660004,116.479637,1453400
2017-05-10,42546,118.489998,119.709999,118.040001,119.489998,117.29438,1349600
2017-05-11,42547,119.830002,121.160004,118.639999,121.019997,118.796272,2013300
2017-05-12,42548,120.860001,122.93,120.550003,121.260002,119.03186,2028500
2017-05-15,42549,120.980003,123.120003,120.099998,122.330002,120.082199,2520100
2017-05-16,42550,120.150002,121.699997,118.400002,119.779999,117.579056,3868300
2017-05-17,42551,119.779999,119.779999,117.370003,117.720001,115.556915,1767800
2017-05-18,42552,117.720001,118.599998,116.82,117.260002,115.105362,1089200
2017-05-19,42553,117.57,117.949997,116.220001,117.669998,115.50782,1006100
2017-05-22,42554,118.059998,118.059998,116.93,117.790001,115.625618,1016000
2017-05-23,42555,117.989998,118.290001,117.279999,117.809998,115.645256,1257200
2017-05-24,42556,117.900002,119.190002,117.400002,119.099998,116.911552,1164800
2017-05-25,42557,119.360001,119.889999,118.959999,119.300003,117.107887,631200
2017-05-26,42558,119.449997,119.650002,118.910004,119.230003,117.039169,648100
2017-05-30,42559,118.620003,119.050003,118.019997,118.43,116.253868,520700
2017-05-31,42560,118.43,119.410004,117.599998,119.209999,117.019516,817400
2017-06-01,42561,119.68,123.050003,119.309998,122.669998,120.415947,1632700
2017-06-02,42562,121.75,124.349998,121.75,123.940002,121.662621,1394200
2017-06-05,42563,124.339996,124.339996,123.190002,123.93,121.652809,1030100
2017-06-06,42564,123.5,124.449997,123.5,124.169998,121.88839,1118700
2017-06-07,42565,124.5,124.730003,123.900002,124.349998,122.065079,835700
2017-06-08,42566,124.349998,125.559998,123.900002,125.169998,122.870026,1028600
2017-06-09,42567,125.190002,125.940002,123.739998,125.010002,122.712944,1332200
2017-06-12,42568,124.580002,125.089996,122.919998,125,122.703133,1023800
2017-06-13,42569,124.760002,125.769997,124.529999,125.470001,123.164505,648400
2017-06-14,42570,125.970001,126,124.959999,125.599998,123.292107,803400
2017-06-15,42571,124.860001,126.199997,124.419998,125.839996,123.52771,851400
2017-06-16,42572,126.199997,126.379997,125.43,125.919998,123.606232,1084000
2017-06-19,42573,126.220001,127.269997,125.800003,127.089996,124.75473,912400
2017-06-20,42574,127.260002,127.889999,127.089996,127.220001,124.882339,869700
2017-06-21,42575,127.589996,128.949997,126.849998,128.520004,126.396896,1092900
2017-06-22,42576,128.539993,130.199997,128.539993,129.389999,127.252541,1143500
2017-06-23,42577,129.649994,129.649994,128.860001,129.089996,126.957497,3304300
2017-06-26,42578,129.339996,129.820007,128.479996,129.059998,126.927986,1016900
2017-06-27,42579,128.820007,129.110001,127.779999,128.25,126.131363,926800
2017-06-28,42580,129.149994,129.419998,128.369995,128.509995,126.387054,1121600
2017-06-29,42581,128.940002,128.949997,127,127.889999,125.777313,1311000
2017-06-30,42582,127.889999,128.919998,127.889999,128.399994,126.278885,742400
2017-07-03,42583,129.009995,129.100006,128.199997,128.380005,126.259224,546100
2017-07-05,42584,128.550003,128.979996,126.32,127.769997,125.659286,1859200
2017-07-06,42585,127.120003,127.529999,125.400002,125.629997,123.554642,1532400
2017-07-07,42586,125.949997,127.699997,125.480003,127.110001,125.010193,1035700
2017-07-10,42587,127.120003,127.709999,126.870003,127.400002,125.295403,1025600
2017-07-11,42588,127.389999,127.5,126.470001,126.489998,124.400436,1188400
2017-07-12,42589,128.460007,128.990005,125.620003,126.360001,124.272583,3141600
2017-07-13,42590,126.529999,130.970001,125.849998,128.979996,126.849281,4104100
2017-07-14,42591,129.259995,133.089996,129.210007,132.490005,130.301331,1818700
2017-07-17,42592,132.509995,133.490005,131.899994,132.610001,130.419357,943300
2017-07-18,42593,132.279999,132.619995,130.690002,131.179993,129.012955,1516000
2017-07-19,42594,131.350006,132.199997,130.869995,131.070007,128.904785,1434000
2017-07-20,42595,131.399994,131.479996,129.339996,129.470001,127.331207,2567900
2017-07-21,42596,129.550003,130.210007,129.169998,129.610001,127.468887,912900
2017-07-24,42597,129.820007,129.949997,127.900002,128.789993,126.66243,1813300
2017-07-25,42598,129.199997,129.440002,128.190002,128.770004,126.642784,1214000
2017-07-26,42599,128.820007,129.300003,128.5,128.699997,126.573921,1322900
2017-07-27,42600,127.589996,127.599998,124.889999,125.440002,123.367783,3787000
2017-07-28,42601,124.760002,124.970001,123.660004,123.779999,121.735214,1523100
2017-07-31,42602,123.699997,123.699997,121.07,121.32,119.315849,2257400
2017-08-01,42603,121.809998,121.809998,120.25,120.32,118.332359,2160500
2017-08-02,42604,120.269997,120.339996,117.389999,117.690002,115.745811,2558100
2017-08-03,42605,117.209999,118.160004,116.389999,117.160004,115.224556,2036600
2017-08-04,42606,117.269997,118.080002,116.339996,117.93,115.981842,1698100
2017-08-07,42607,117.919998,117.989998,116.849998,117.190002,115.254066,807000
2017-08-08,42608,117.080002,117.080002,114.57,115.040001,113.139587,1551000
2017-08-09,42609,113.949997,114.279999,112.220001,112.860001,110.995605,1852400
2017-08-10,42610,112.419998,112.580002,110.089996,110.129997,108.310699,2219800
2017-08-11,42611,110.43,112.360001,110.25,111.699997,109.854759,1497100
2017-08-14,42612,112.580002,113.650002,111.830002,112.510002,110.651382,956500
2017-08-15,42613,113.019997,113.400002,112.169998,112.970001,111.103783,1356000
2017-08-16,42614,113.68,114.300003,112.940002,113.080002,111.21196,1520000
2017-08-17,42615,113,114.089996,112.349998,112.419998,110.562866,1070200
2017-08-18,42616,112.470001,112.470001,111.330002,111.379997,109.540039,1036100
2017-08-21,42617,111.629997,113.18,111.550003,112.769997,110.907082,1260700
2017-08-22,42618,112.75,114.089996,112.540001,113.959999,112.077423,1640600
2017-08-23,42619,113.040001,113.449997,111.949997,112.279999,110.425179,1317800
2017-08-24,42620,112.830002,113.959999,112.410004,112.849998,110.985771,993900
2017-08-25,42621,113.489998,113.940002,113.120003,113.190002,111.320152,750400
2017-08-28,42622,113.57,113.650002,112.330002,112.889999,111.025108,769600
2017-08-29,42623,112.379997,113.139999,111.879997,112.82,110.956245,703900
2017-08-30,42624,112.809998,113.07,111.989998,113.010002,111.143105,1079700
2017-08-31,42625,113.510002,114.93,113.199997,114.269997,112.382301,1231400
2017-09-01,42626,114.470001,114.720001,113.510002,114.330002,112.441322,711800
2017-09-05,42627,114.07,115.330002,113.419998,114.239998,112.352798,1501500
2017-09-06,42628,114.529999,115.839996,113.860001,115.629997,113.719841,1045800
2017-09-07,42629,115.629997,116.120003,115.260002,115.669998,113.759178,673200
2017-09-08,42630,115.330002,116.610001,114.919998,115.699997,113.788689,999300
2017-09-11,42631,116.25,116.889999,115.610001,115.800003,113.887032,944800
2017-09-12,42632,115.739998,117.489998,115.339996,116.43,114.50663,987100
2017-09-13,42633,116.32,116.529999,115.290001,115.889999,113.975555,919600
2017-09-14,42634,115.699997,116.349998,115.620003,115.989998,114.073891,1697700
2017-09-15,42635,115.93,116.120003,114.440002,115.470001,113.562477,1626700
2017-09-18,42636,115.610001,116.400002,115.239998,116.300003,114.378769,1336400
2017-09-19,42637,116.349998,116.980003,115.309998,115.480003,113.572319,2208400
2017-09-20,42638,115.650002,116.669998,115.230003,116.220001,114.300095,1242300
2017-09-21,42639,116.25,116.309998,112.68,113.059998,111.422386,1399600
2017-09-22,42640,113.089996,114.480003,112.660004,114.400002,112.742981,1599100
2017-09-25,42641,114.389999,115.470001,112.970001,114.370003,112.713409,1386700
2017-09-26,42642,114.519997,115.559998,114.160004,114.75,113.087906,1008200
2017-09-27,42643,115.160004,116.370003,114.360001,116.25,114.566185,1184600
2017-09-28,42644,116.110001,116.300003,115.120003,115.660004,113.984726,984900
2017-09-29,42645,115.720001,117.139999,115.400002,117.089996,115.394012,1058700
2017-10-02,42646,117.32,118.209999,116.550003,117.699997,115.995178,1013000
2017-10-03,42647,117.989998,118.120003,116.080002,116.150002,114.467636,1054900
2017-10-04,42648,116.160004,117.620003,115.870003,117.529999,115.827644,1460000
2017-10-05,42649,117.559998,119.589996,117.269997,119.160004,117.434036,1077500
2017-10-06,42650,118.580002,119.32,118.059998,119.269997,117.542435,870600
2017-10-09,42651,119.239998,119.239998,117.050003,117.519997,115.817787,962800
2017-10-10,42652,117.519997,118.760002,117.519997,118.410004,116.694901,1087700
2017-10-11,42653,118.199997,118.769997,117.75,118.639999,116.921562,918200
2017-10-12,42654,118.349998,120.75,118.059998,120.629997,118.882736,1486000
2017-10-13,42655,120.349998,120.589996,119.019997,119.699997,117.966209,798700
2017-10-16,42656,119.599998,119.839996,119.029999,119.510002,117.778969,1352400
2017-10-17,42657,119.669998,119.980003,118.800003,119.93,118.192886,845600
2017-10-18,42658,120.120003,120.870003,119.870003,120.690002,118.941872,878600
2017-10-19,42659,120.900002,121.940002,120.169998,121.879997,120.114639,1098100
2017-10-20,42660,122.370003,122.830002,121.32,122.349998,120.577827,792700
2017-10-23,42661,122.550003,123.82,121.639999,121.699997,119.937241,880400
2017-10-24,42662,121.949997,122.110001,120.339996,121.209999,119.454346,1325900
2017-10-25,42663,121,121.690002,119.93,121.459999,119.700722,1490000
2017-10-26,42664,121.5,121.989998,120.769997,121,119.247383,1186300
2017-10-27,42665,122.040001,124.75,121.010002,124.459999,122.657257,1494600
2017-10-30,42666,123.379997,123.889999,120.879997,121.349998,119.592308,1588500
2017-10-31,42667,121.720001,122.43,120.889999,121.620003,119.858398,1822900
2017-11-01,42668,111.910004,117.129997,110.790001,115.089996,113.422981,4570000
2017-11-02,42669,114.900002,115.160004,111.290001,112.32,110.693108,3478300
2017-11-03,42670,110.080002,111,108.540001,109.25,107.66758,3918700
2017-11-06,42671,109.32,110.519997,108.949997,109.339996,107.756271,2481200
2017-11-07,42672,109.980003,109.980003,108.169998,108.720001,107.145248,1279300
2017-11-08,42673,108.550003,109.839996,108.029999,109.169998,107.58873,1794100
2017-11-09,42674,109.029999,111.860001,108.93,111.839996,110.220055,1654600
2017-11-10,42675,111.279999,111.760002,109.57,110.75,109.145859,973400
2017-11-13,42676,110.080002,111.300003,109.879997,111.059998,109.451355,1275600
2017-11-14,42677,112.839996,112.970001,111.120003,112.209999,110.584702,1308100
2017-11-15,42678,111.970001,112.190002,110.339996,111.080002,109.471062,1150000
2017-11-16,42679,111.309998,112.949997,110.980003,112.239998,110.614265,1631900
2017-11-17,42680,111.5,112.360001,111.5,111.610001,109.993401,1043300
2017-11-20,42681,112,112.68,111.610001,112.18,110.555138,938800
2017-11-21,42682,112.989998,114.32,112.559998,113.559998,111.915138,1118500
2017-11-22,42683,113.529999,113.660004,112.459999,113.07,111.432243,785900
2017-11-24,42684,112.949997,113.309998,112.080002,113.07,111.432243,289100
2017-11-27,42685,113.410004,113.660004,112.639999,113.389999,111.747604,830300
2017-11-28,42686,113.389999,115.379997,112.370003,115.209999,113.541252,1820400
2017-11-29,42687,115.5,116.739998,115,116.519997,114.832253,1756700
2017-11-30,42688,116.709999,117.720001,116.010002,117.099998,115.403877,1890600
2017-12-01,42689,117.339996,117.669998,113.809998,114.57,112.910522,1487900
2017-12-04,42690,115.059998,116.269997,114.589996,114.82,113.156891,1382800
2017-12-05,42691,115.410004,116.110001,114.559998,115.489998,113.817184,1261100
2017-12-06,42692,115.18,115.989998,114.650002,115.779999,114.102989,917100
2017-12-07,42693,115.900002,116.230003,114.5,114.779999,113.117477,960700
2017-12-08,42694,114.800003,115,112.650002,113.379997,111.737755,1680600
2017-12-11,42695,113.18,114.07,113.18,113.510002,111.865868,1144900
2017-12-12,42696,113.639999,114.459999,113.389999,113.540001,111.895439,1594400
2017-12-13,42697,113.25,114.529999,113.25,113.519997,111.875732,2815500
2017-12-14,42698,113.650002,113.900002,112.800003,112.82,111.18586,1289900
2017-12-15,42699,113.599998,115.629997,113.459999,115.239998,113.570816,2158100
2017-12-18,42700,115.889999,116.300003,114.300003,114.43,112.772545,1465500
2017-12-19,42701,119.230003,124.169998,118.349998,121.379997,119.62188,4417200
2017-12-20,42702,121.839996,122.389999,120.620003,121.18,119.424789,1564900
2017-12-21,42703,121.129997,121.889999,119.809998,119.949997,118.212585,1087600
2017-12-22,42704,119.779999,120.239998,119.629997,120.120003,118.380127,714100
2017-12-26,42705,120.169998,120.57,119.82,119.959999,118.222443,372800
2017-12-27,42706,120,120.93,119.839996,120.139999,118.399849,831300
2017-12-28,42707,120.18,121.949997,119.269997,121.75,120.226692,991500
2017-12-29,42708,121.75,121.949997,120.620003,120.669998,119.160194,1023600
2018-01-02,42709,121,124.269997,120.559998,124.059998,122.507782,1765300
2018-01-03,42710,124.709999,125.400002,123.949997,124.919998,123.357033,1328800
2018-01-04,42711,125.290001,126.709999,123.410004,124.739998,123.179283,1073200
2018-01-05,42712,124.889999,126.209999,124.309998,125.980003,124.40377,1063400
2018-01-08,42713,125.660004,126.709999,125.099998,126.220001,124.64077,1249500
2018-01-09,42714,126.720001,127.019997,124.050003,124.190002,122.636162,1999200
2018-01-10,42715,124.120003,124.400002,120.769997,122.529999,120.996925,1956700
2018-01-11,42716,122.769997,123.139999,121.199997,122.290001,120.759926,1304800
2018-01-12,42717,122.82,123.040001,121.580002,122.099998,120.572311,1014400
2018-01-16,42718,122.32,123.050003,121.089996,121.68,120.157562,1396500
2018-01-17,42719,122.239998,122.830002,121.709999,122.489998,120.957428,1167900
2018-01-18,42720,122.419998,122.760002,121.550003,122.190002,120.661186,1077700
2018-01-19,42721,122.239998,124.690002,122.239998,123.480003,121.935051,1804500
2018-01-22,42722,123.5,126.269997,122.889999,126.199997,124.62101,1364100
2018-01-23,42723,125.650002,125.949997,124.029999,124.510002,122.952164,1225200
2018-01-24,42724,125.050003,125.82,124.269997,125.019997,123.45578,1054100
2018-01-25,42725,125.809998,125.809998,124.139999,124.739998,123.179283,1038100
2018-01-26,42726,124.760002,126.519997,124.029999,126.230003,124.650642,1390900
2018-01-29,42727,126.290001,129.339996,126.25,127.389999,125.796135,2538000
2018-01-30,42728,123.050003,129.149994,121.519997,125.940002,124.364273,2883000
2018-01-31,42729,126.629997,129.059998,125.169998,127.120003,125.529503,1939200
2018-02-01,42730,126.349998,128.720001,125.709999,128.190002,126.586113,1756300
2018-02-02,42731,127.050003,127.199997,125.610001,125.790001,124.216141,1392700
2018-02-05,42732,124.790001,127.419998,122.370003,123.18,121.638794,2098800
2018-02-06,42733,121,122.93,119.5,122.300003,120.769814,2166000
2018-02-07,42734,121.650002,123.519997,120.739998,120.779999,119.268829,1145100
2018-02-08,42735,120.5,120.639999,115.5,115.529999,114.084518,1659200
2018-02-09,42736,116.050003,117.410004,112.970001,116.389999,114.933746,2145900
2018-02-12,42737,116.959999,117.489998,115.050003,116.519997,115.062111,1467600
2018-02-13,42738,115.830002,116.18,114.870003,115.93,114.4795,1081100
2018-02-14,42739,115.230003,117.959999,115.230003,117.699997,116.227356,760800
2018-02-15,42740,118.150002,119.900002,117.800003,119.790001,118.291214,1266100
2018-02-16,42741,119.699997,121.660004,118.93,120.480003,118.97258,696600
2018-02-20,42742,119.800003,120.720001,118.5,118.720001,117.234604,663700
2018-02-21,42743,119.330002,120.699997,118.660004,118.68,117.195099,988600
2018-02-22,42744,119.25,120,117.339996,117.580002,116.108871,888200
2018-02-23,42745,118.379997,118.940002,117.620003,118.849998,117.362984,633300
2018-02-26,42746,118.900002,120.029999,118.400002,119.879997,118.380089,638600
2018-02-27,42747,119.919998,120.199997,118.120003,118.139999,116.66185,854900
2018-02-28,42748,118.150002,118.93,116.220001,116.25,114.795509,819700
2018-03-01,42749,116,116.589996,112.519997,113.550003,112.129295,1044600
2018-03-02,42750,113.230003,117.440002,113.010002,117.050003,115.585495,1181900
2018-03-05,42751,116.639999,118.660004,116.260002,118.129997,116.651985,1048500
2018-03-06,42752,118.379997,118.550003,116.93,118.089996,116.612465,1106100
2018-03-07,42753,117.330002,121.660004,117.330002,121,119.486076,1345900
2018-03-08,42754,121.699997,121.699997,119.709999,120.209999,118.705956,1272500
2018-03-09,42755,120.739998,121.440002,120.139999,120.860001,119.347832,874600
2018-03-12,42756,120.910004,121.120003,117.82,118.260002,116.780357,2030400
2018-03-13,42757,118.599998,118.839996,117.510002,117.919998,116.444611,1459300
2018-03-14,42758,118.540001,118.75,115.790001,116.239998,114.785622,1344900
2018-03-15,42759,116.919998,117.900002,115.370003,115.919998,114.469627,1199800
2018-03-16,42760,116.199997,117.480003,116.199997,116.830002,115.368248,1248800
2018-03-19,42761,116.730003,116.739998,113.900002,114.75,113.31427,891100
2018-03-20,42762,115.010002,115.220001,113.650002,114.400002,112.968651,928000
2018-03-21,42763,114.660004,115.080002,113.879997,114.379997,112.948891,936500
2018-03-22,42764,113.639999,114.419998,111.32,111.379997,109.986435,1213200
2018-03-23,42765,109.580002,109.730003,107.32,107.440002,106.095741,2511900
2018-03-26,42766,108.379997,109.919998,107.690002,109.760002,108.386719,1274000
2018-03-27,42767,109.889999,110.309998,107.879997,108.480003,107.122726,1218300
2018-03-28,42768,108.540001,109.639999,108.089996,108.160004,107.043556,995400
2018-03-29,42769,108.790001,109.620003,107.599998,109.040001,107.914467,1356100
2018-04-02,42770,108.889999,109.400002,104.889999,106.400002,105.301727,1235000
2018-04-03,42771,106.489998,107.639999,105.25,107.139999,106.034073,1154400
2018-04-04,42772,106.050003,107.5,105.449997,107.360001,106.251801,1263300
2018-04-05,42773,107.889999,109.400002,107.209999,108.349998,107.23159,738900
2018-04-06,42774,107.75,107.940002,104.279999,105.18,104.094315,861300
2018-04-09,42775,105.660004,108.080002,105.309998,106.199997,105.103783,1205600
2018-04-10,42776,107.07,108.650002,107.010002,107.290001,106.182526,1186600
2018-04-11,42777,106.449997,106.93,105.629997,106.029999,104.935532,637400
2018-04-12,42778,106.18,107.010002,105.790001,106.419998,105.32151,737600
2018-04-13,42779,107.019997,107.339996,105.019997,105.57,104.480286,797900
2018-04-16,42780,106.209999,107.93,105.82,107.239998,106.133041,1328100
2018-04-17,42781,107.910004,109.400002,105.93,108.82,107.696739,1208000
2018-04-18,42782,108.75,110.949997,108.730003,110.080002,108.943726,1579700
2018-04-19,42783,110.129997,110.970001,109.650002,110.739998,109.596924,1359300
2018-04-20,42784,111.059998,112.169998,109.860001,110.32,109.181252,1541600
2018-04-23,42785,110.470001,112.290001,110.029999,111.239998,110.091759,1459900
2018-04-24,42786,111.620003,111.779999,108.480003,109.440002,108.310349,1000700
2018-04-25,42787,108.959999,110.699997,108.040001,110.589996,109.448463,1087200
2018-04-26,42788,109,115.230003,107.690002,115.099998,113.911919,3075200
2018-04-27,42789,114.410004,117.68,112.709999,116.919998,115.71312,1993700
2018-04-30,42790,117.07,117.510002,115.019997,115.169998,113.981186,1692400
2018-05-01,42791,115.230003,117.989998,114.720001,116.949997,115.742813,2459300
2018-05-02,42792,116.599998,118.040001,116.43,117.459999,116.247559,1803000
2018-05-03,42793,116.779999,116.839996,114.209999,115.18,113.991089,1748900
2018-05-04,42794,114.720001,116.849998,114.309998,116.220001,115.020355,1280000
2018-05-07,42795,116.529999,117.559998,116.339996,116.989998,115.78241,1428700
2018-05-08,42796,116.709999,117.290001,115.440002,115.989998,114.792717,1305600
2018-05-09,42797,116.25,116.940002,115.389999,116.209999,115.010452,1264700
2018-05-10,42798,116.540001,118.220001,116.209999,117.300003,116.089211,1144200
2018-05-11,42799,117.019997,117.580002,115.5,116.440002,115.238098,944700
2018-05-14,42800,116.440002,116.440002,114.690002,115.199997,114.01088,1459400
2018-05-15,42801,114.769997,114.769997,112.669998,113.190002,112.021637,1566500
2018-05-16,42802,113.099998,115.190002,111.760002,114.540001,113.357697,1116300
2018-05-17,42803,114.849998,115.839996,114.050003,115.050003,113.862434,754800
2018-05-18,42804,115,115.150002,113.919998,114.5,113.318108,1334500
2018-05-21,42805,115.050003,115.389999,114.160004,114.309998,113.130066,676400
2018-05-22,42806,114.300003,114.790001,112.790001,112.949997,111.784103,790600
2018-05-23,42807,112.580002,113.43,111.919998,112.709999,111.546577,872000
2018-05-24,42808,113,113.870003,111.5,111.739998,110.586586,1292200
2018-05-25,42809,111.690002,112.980003,110.870003,111.080002,109.933411,786900
2018-05-29,42810,110.169998,110.650002,108.489998,109.269997,108.14209,1053000
2018-05-30,42811,109.599998,111.209999,109.489998,110.650002,109.507843,653200
2018-05-31,42812,110.720001,112.370003,110.589996,111.510002,110.358971,1551000
2018-06-01,42813,112.190002,113.389999,112.019997,112.610001,111.447617,1015800
2018-06-04,42814,112.800003,114.220001,112.720001,113.660004,112.486786,1099100
2018-06-05,42815,113.739998,114.129997,112.93,113.139999,111.972137,945400
2018-06-06,42816,113.209999,114.199997,112.690002,114.18,113.001404,540500
2018-06-07,42817,114.209999,114.660004,112.870003,113.669998,112.496681,710300
2018-06-08,42818,113.910004,114.610001,113.169998,114.5,113.318108,412500
2018-06-11,42819,114.419998,114.980003,113.370003,114.209999,113.031105,822400
2018-06-12,42820,114.279999,114.800003,113.889999,114.150002,112.971725,720100
2018-06-13,42821,114.5,115.589996,113.879997,113.980003,112.803474,885100
2018-06-14,42822,114.339996,114.940002,113.709999,114.879997,113.694183,1060100
2018-06-15,42823,114.580002,115.410004,112.279999,113.379997,112.209671,1521800
2018-06-18,42824,112.730003,112.980003,111.089996,111.839996,110.685562,785400
2018-06-19,42825,111.440002,111.870003,110.650002,111.809998,110.655869,610800
2018-06-20,42826,111.879997,112.910004,111.300003,112.089996,110.932983,856300
2018-06-21,42827,111.889999,112.330002,110.900002,111.510002,110.358971,640100
2018-06-22,42828,111.5,112.870003,110.760002,111.760002,110.606392,1611700
2018-06-25,42829,111.349998,111.550003,109.5,110.730003,109.587021,923500
2018-06-26,42830,111.5,113.169998,110.989998,112.559998,111.398117,1201600
2018-06-27,42831,111.480003,113.5,109.559998,110.059998,108.923935,2129900
2018-06-28,42832,109.550003,111.610001,109.510002,111.269997,110.362099,854500
2018-06-29,42833,111.589996,113.32,111.379997,111.440002,110.530724,916600
2018-07-02,42834,110.489998,111.919998,109.980003,111.82,110.907616,769900
2018-07-03,42835,111.800003,112.760002,110.050003,111.93,111.016724,519200
2018-07-05,42836,112.129997,113.029999,111.660004,112.860001,111.93914,688300
2018-07-06,42837,113,115.120003,112.809998,114,113.069832,930300
2018-07-09,42838,114.040001,115.139999,114.029999,114.660004,113.724449,578000
2018-07-10,42839,114.910004,115.230003,114.139999,114.800003,113.863304,399300
2018-07-11,42840,114.110001,115,114.080002,114.160004,113.228531,433100
2018-07-12,42841,114.75,114.75,113.110001,114.040001,113.109497,609400
2018-07-13,42842,114.419998,115,113.580002,114.889999,113.952568,697800
2018-07-16,42843,114.889999,114.989998,112.239998,112.629997,111.710999,716500
2018-07-17,42844,112.769997,114.120003,112.010002,113.760002,112.831795,851900
2018-07-18,42845,114.050003,114.949997,112.129997,112.379997,111.463043,1002100
2018-07-19,42846,112.300003,112.580002,111.129997,112.239998,111.324196,932000
2018-07-20,42847,111.940002,112.550003,111.519997,111.660004,110.748932,825100
2018-07-23,42848,111.260002,112.949997,110.599998,112.900002,111.978806,1158900
2018-07-24,42849,113.629997,115.029999,112.739998,114.610001,113.674858,1224600
2018-07-25,42850,114.099998,117.540001,114,117.139999,116.184204,1235100
2018-07-26,42851,117.419998,117.839996,116.199997,117.110001,116.154457,1606900
2018-07-27,42852,126,127.150002,122.860001,126.199997,125.17028,3640400
2018-07-30,42853,126.82,128.380005,125.889999,126.510002,125.477753,2060300
2018-07-31,42854,126.370003,126.989998,124.720001,125.519997,124.495827,1936600
2018-08-01,42855,125.239998,126.220001,124.93,125.419998,124.396652,1579600
2018-08-02,42856,124.709999,125.410004,123.440002,124.400002,123.384979,1350600
2018-08-03,42857,124.199997,126,122.959999,125.910004,124.88266,1505900
2018-08-06,42858,125.470001,126.839996,124.830002,126.019997,124.991753,759700
2018-08-07,42859,125.860001,126.300003,125.260002,125.440002,124.416489,572200
2018-08-08,42860,125.370003,125.610001,123.919998,123.980003,122.968407,827900
2018-08-09,42861,123.949997,124.629997,123.57,123.739998,122.730362,529400
2018-08-10,42862,123.209999,123.389999,121.82,122.57,121.569908,681500
2018-08-13,42863,122.5,123.309998,121.459999,122.449997,121.450882,1076100
2018-08-14,42864,122.330002,122.989998,121.75,122.379997,121.381454,492800
2018-08-15,42865,122.25,122.949997,120.970001,122.709999,121.708763,839800
2018-08-16,42866,122.93,123.260002,122.379997,122.760002,121.758369,690400
2018-08-17,42867,122.82,124.169998,122.190002,123.860001,122.84938,787800
2018-08-20,42868,123.879997,124.919998,123.879997,124.669998,123.652771,702400
2018-08-21,42869,125.120003,125.699997,124.010002,124.269997,123.256035,840800
2018-08-22,42870,123.800003,125.029999,123.470001,124.839996,123.821373,470600
2018-08-23,42871,124.68,124.900002,124,124.480003,123.464325,515000
2018-08-24,42872,124.519997,125.900002,124.519997,125.400002,124.376816,1039900
2018-08-27,42873,125.449997,126.599998,122.589996,125.300003,124.277634,1978500
2018-08-28,42874,125.75,126.120003,125.169998,125.980003,124.952095,1161700
2018-08-29,42875,126.440002,127.410004,126.150002,126.510002,125.477753,744900
2018-08-30,42876,126.07,126.25,123.519997,123.769997,122.760109,1402900
2018-08-31,42877,123.150002,123.739998,122.769997,123.629997,122.621254,723700
2018-09-04,42878,123.959999,124.68,121.360001,121.970001,120.974808,1171000
2018-09-05,42879,121.410004,122.860001,120.5,122.519997,121.520309,821700
2018-09-06,42880,122.470001,123.919998,122.089996,123.559998,122.551819,688700
2018-09-07,42881,123.410004,124.32,123.370003,123.779999,122.770035,661700
2018-09-10,42882,124.339996,124.339996,122.779999,123.190002,122.184853,682700
2018-09-11,42883,122.919998,123.919998,122.269997,123.269997,122.264191,816200
2018-09-12,42884,123.309998,126.379997,123.309998,126.190002,125.160378,1643400
2018-09-13,42885,126.190002,129.919998,126.07,129.660004,128.602066,2444500
2018-09-14,42886,129.649994,130.580002,128.809998,130.070007,129.008728,1059100
2018-09-17,42887,130.210007,130.419998,129.179993,129.550003,128.492966,1142000
2018-09-18,42888,129.380005,131.339996,128.539993,130.449997,129.385605,871100
2018-09-19,42889,130.830002,130.830002,129.149994,129.839996,128.780563,625400
2018-09-20,42890,129.940002,131.050003,129.940002,130.720001,129.653412,959100
2018-09-21,42891,131.059998,134.550003,130,131.429993,130.357605,1569600
2018-09-24,42892,130.880005,131.610001,130.660004,131.240005,130.169174,649100
2018-09-25,42893,131.240005,131.380005,129.449997,130.509995,129.445114,1043500
2018-09-26,42894,130.369995,130.889999,129.580002,130.029999,128.969025,954200
2018-09-27,42895,129.869995,130.710007,129.559998,129.710007,128.889542,1027900
2018-09-28,42896,129.529999,132.070007,129.220001,131.470001,130.638412,1055100
2018-10-01,42897,131.809998,132.300003,130.259995,130.559998,129.734161,793600
2018-10-02,42898,130.809998,130.809998,129.410004,129.929993,129.108139,650000
2018-10-03,42899,130.059998,131.139999,129.039993,129.419998,128.601379,732400
2018-10-04,42900,129.259995,129.720001,128.020004,128.970001,128.154205,802200
2018-10-05,42901,129.130005,130.149994,127.5,128.589996,127.776619,743700
2018-10-08,42902,128.229996,128.339996,125.970001,127.370003,126.564339,917500
2018-10-09,42903,127.339996,128.229996,125.919998,126.910004,126.107254,831100
2018-10-10,42904,126.629997,127.190002,123.540001,123.599998,122.818192,1288000
2018-10-11,42905,123.709999,124.040001,120.32,121.150002,120.38369,1530400
2018-10-12,42906,122.580002,124.110001,121.589996,123.300003,122.520088,1452200
2018-10-15,42907,122.739998,124.959999,122.150002,123.5,122.718826,1015700
2018-10-16,42908,123.970001,127.800003,123.330002,127.68,126.872383,1480500
2018-10-17,42909,127.349998,128.429993,126.919998,128.320007,127.508347,957200
2018-10-18,42910,128.220001,128.220001,125.599998,126.32,125.520981,1026100
2018-10-19,42911,126.550003,127.379997,123.779999,124.400002,123.613129,930200
2018-10-22,42912,124.75,124.900002,122.739998,124.120003,123.3349,1014300
2018-10-23,42913,122.730003,124.580002,121.199997,124.07,123.285217,1362000
2018-10-24,42914,124.050003,125,120.650002,121.099998,120.334,1145700
2018-10-25,42915,121.610001,123.440002,120.019997,122.150002,121.377357,1315600
2018-10-26,42916,115.550003,119.010002,113.769997,115.129997,114.401764,3261200
2018-10-29,42917,116.32,117.879997,113.669998,115.290001,114.560753,1316100
2018-10-30,42918,115.540001,116.900002,112.410004,114.580002,113.855247,1782400
2018-10-31,42919,115.970001,116,113.540001,113.589996,112.871506,1398400
2018-11-01,42920,113.849998,117.129997,113.849998,116.720001,115.981705,1707300
2018-11-02,42921,117.379997,117.959999,113.379997,115.139999,114.411697,1102600
2018-11-05,42922,115.639999,116.660004,114.559998,115.029999,114.302391,1194800
2018-11-06,42923,114.540001,115.760002,114.160004,115.040001,114.312332,971700
2018-11-07,42924,115.550003,118.349998,115.550003,118.160004,117.412598,1482400
2018-11-08,42925,117.949997,119.489998,117.519997,119.220001,118.465897,937800
2018-11-09,42926,118.690002,119.129997,116.5,117.620003,116.876022,946400
2018-11-12,42927,117.589996,117.589996,114.019997,114.440002,113.716125,1166800
2018-11-13,42928,115.089996,115.57,112.68,112.910004,112.195816,1083800
2018-11-14,42929,113.970001,114.480003,112.110001,112.330002,111.619476,698900
2018-11-15,42930,111.43,114.650002,110.660004,114.610001,113.885056,931200
2018-11-16,42931,114.559998,117.980003,114.209999,117.050003,116.309624,1131200
2018-11-19,42932,117,117.029999,113.169998,113.5,112.782074,1074300
2018-11-20,42933,112.839996,113.07,110.769997,112.400002,111.689034,1157300
2018-11-21,42934,113.25,113.629997,111.830002,112.690002,111.977203,705200
2018-11-23,42935,112.059998,113.870003,111.480003,112.699997,111.987137,268500
2018-11-26,42936,113.419998,113.889999,112.559998,113.25,112.533661,602700
2018-11-27,42937,112.459999,113.709999,111.989998,113.120003,112.40448,804700
2018-11-28,42938,113.519997,115.769997,113.089996,114.699997,113.97448,2371100
2018-11-29,42939,114.220001,115.93,114.220001,114.959999,114.232841,936500
2018-11-30,42940,115.129997,117.139999,114.839996,117.019997,116.279808,1256100
2018-12-03,42941,117.599998,118.260002,116.099998,116.440002,115.703484,1539000
2018-12-04,42942,116.099998,116.730003,111.790001,111.989998,111.281624,1618900
2018-12-06,42943,110.68,112.910004,108.879997,112.910004,112.195816,1477700
2018-12-07,42944,112.800003,113.129997,109,109.919998,109.224716,1044600
2018-12-10,42945,109.959999,111.540001,107.68,111.099998,110.397255,811000
2018-12-11,42946,112.290001,113.080002,109.779999,112.010002,111.301498,1861000
2018-12-12,42947,113.489998,115.93,112.879997,112.949997,112.235558,2531800
2018-12-13,42948,113.459999,114.099998,111.110001,112.360001,111.649284,1059100
2018-12-14,42949,111.309998,111.690002,108.32,108.989998,108.300598,1024300
2018-12-17,42950,108.510002,109.779999,106.860001,107.25,106.571609,1497600
2018-12-18,42951,106.910004,108.25,104.690002,105.779999,105.110901,2039400
2018-12-19,42952,104.470001,106.639999,103.809998,104.559998,103.898628,1934200
2018-12-20,42953,104.089996,105.120003,100.459999,101.769997,101.126266,1783900
2018-12-21,42954,101.879997,102.809998,98.75,99.379997,98.751389,3067100
2018-12-24,42955,99.040001,99.379997,96.989998,97.230003,96.614998,931600
2018-12-26,42956,97.599998,102.080002,97.300003,102.019997,101.374687,1619200
2018-12-27,42957,100.25,101.730003,98.150002,101.709999,101.304962,1578900
2018-12-28,42958,102,103.989998,101.559998,102.650002,102.241226,1860000
2018-12-31,42959,103.040001,104.389999,102.43,103.720001,103.306961,1389700
2019-01-02,42960,102.919998,103.68,101.449997,102.279999,101.872696,1152100
2019-01-03,42961,101.699997,102.610001,99.849998,100.43,100.030067,1166100
2019-01-04,42962,101.440002,104.190002,101.389999,103.860001,103.446404,1580400
2019-01-07,42963,103.970001,105.25,103.620003,103.900002,103.486252,900300
2019-01-08,42964,104.639999,106.260002,98.599998,101.57,101.165527,3259000
2019-01-09,42965,102.709999,103.830002,101.720001,102.400002,101.992218,1513300
2019-01-10,42966,101.910004,103.739998,101.199997,103.720001,103.306961,1485200
2019-01-11,42967,103.440002,104.339996,102.550003,104.279999,103.864731,938800
2019-01-14,42968,103.370003,103.849998,102.169998,102.690002,102.281075,1271100
2019-01-15,42969,102.779999,104.18,102.720001,104.169998,103.755173,1037000
2019-01-16,42970,104.25,105.709999,104.199997,105,104.581871,959600
2019-01-17,42971,104.800003,106.790001,104.419998,106.220001,105.797005,1244000
2019-01-18,42972,106.709999,107.029999,104.050003,105.339996,104.920509,2101200
2019-01-22,42973,104.57,104.900002,103.169998,103.919998,103.506172,1252800
2019-01-23,42974,104.440002,105.68,103.940002,104.779999,104.36274,887900
2019-01-24,42975,104.860001,105.669998,104.050003,105.239998,104.820908,764400
2019-01-25,42976,105.839996,108.389999,105.839996,107.410004,106.982269,1151600
2019-01-28,42977,106.849998,107.099998,105.480003,105.839996,105.418518,974500
2019-01-29,42978,105.82,106.620003,105.349998,105.660004,105.239243,961700
2019-01-30,42979,106.379997,108.949997,105.860001,108.459999,108.028084,1076600
2019-01-31,42980,108.599998,109.790001,107.760002,109.559998,109.123703,1303500
2019-02-01,42981,115.260002,118.5,113.589996,116.599998,116.135674,2744500
2019-02-04,42982,116.93,118.269997,115.660004,118.080002,117.609779,2140200
2019-02-05,42983,118.230003,120,118.040001,118.32,117.848824,1583100
2019-02-06,42984,117.709999,118.519997,116.989998,118.18,117.709381,966600
2019-02-07,42985,118,120.339996,117.82,118.290001,117.818947,1985000
2019-02-08,42986,117.519997,120.589996,117.519997,120.580002,120.099823,1318200
2019-02-11,42987,121.230003,122.699997,120.610001,122.230003,121.743256,2094200
2019-02-12,42988,122.75,124.139999,122.139999,123.949997,123.456398,2036700
2019-02-13,42989,124.269997,124.440002,122.419998,123.559998,123.067955,981400
2019-02-14,42990,122.989998,123.449997,122.440002,122.489998,122.002213,839800
2019-02-15,42991,123.800003,124.230003,122.419998,123.650002,123.1576,1212500
2019-02-19,42992,123.230003,124.110001,122.550003,123.559998,123.067955,1106400
2019-02-20,42993,123.599998,124.529999,123.129997,123.980003,123.48629,912800
2019-02-21,42994,124.029999,124.43,122.959999,123.480003,122.988281,846300
2019-02-22,42995,123.449997,124.550003,123.150002,124.440002,123.944458,819900
2019-02-25,42996,125,125.190002,123.07,123.900002,123.406601,912800
2019-02-26,42997,123.93,124.629997,122.82,123.360001,122.868752,1059300
2019-02-27,42998,122.650002,124.709999,122.650002,124.489998,123.994247,946900
2019-02-28,42999,124.400002,124.75,123.489998,124.120003,123.625732,1093000
2019-03-01,43000,124.919998,125.849998,124.540001,125.410004,124.910591,1254200
2019-03-04,43001,125.860001,126.190002,123.389999,124.43,123.934494,770700
2019-03-05,43002,124.300003,125.160004,123.400002,124.110001,123.615768,1037100
2019-03-06,43003,124.150002,124.230003,122.5,123.239998,122.749229,844700
2019-03-07,43004,123.309998,123.580002,121.080002,121.389999,120.906601,1047900
2019-03-08,43005,121.169998,121.949997,120.080002,121.610001,121.125725,881200
2019-03-11,43006,121.75,122.300003,120.919998,121.410004,120.926521,1442700
2019-03-12,43007,121.75,122.809998,121.059998,122.68,122.19146,1258100
2019-03-13,43008,123.160004,124.360001,122.050003,123.129997,122.639664,972400
2019-03-14,43009,123.330002,123.830002,122.550003,122.940002,122.450424,1316200
2019-03-15,43010,122.830002,125.940002,122.830002,125.919998,125.418556,2429200
2019-03-18,43011,126.410004,126.849998,124.709999,125.32,124.820946,1272600
2019-03-19,43012,125.57,126.080002,124.690002,125.720001,125.219353,1228200
2019-03-20,43013,125.910004,128.509995,125.550003,127.43,126.922546,1987700
2019-03-21,43014,126.849998,129.559998,126.839996,129.559998,129.044067,1401600
2019-03-22,43015,128.679993,129,126.650002,126.68,126.175529,1195100
2019-03-25,43016,126.360001,126.940002,124.410004,126.589996,126.085892,966600
2019-03-26,43017,127.580002,128.199997,126.480003,126.919998,126.414574,808700
2019-03-27,43018,126.660004,127.129997,124.989998,126.889999,126.384697,1145800
2019-03-28,43019,126.860001,127.059998,125.599998,126.959999,126.694046,1736000
2019-03-29,43020,127.559998,127.93,126.519997,127.699997,127.432487,1156300
2019-04-01,43021,128.449997,128.509995,127.25,127.760002,127.492371,799300
2019-04-02,43022,127.849998,127.849998,126.800003,127.5,127.23291,891600
2019-04-03,43023,128.110001,128.729996,126.279999,126.480003,126.21505,1897400
2019-04-04,43024,126.57,127.279999,125.870003,126.559998,126.294876,817000
2019-04-05,43025,126.690002,127.540001,126.379997,127.209999,126.94352,794300
2019-04-08,43026,128.919998,128.929993,127.010002,128.759995,128.490265,1260500
2019-04-09,43027,128.320007,129.710007,128.100006,128.660004,128.390488,1183800
2019-04-10,43028,128.630005,129.669998,128.610001,128.839996,128.570099,896800
2019-04-11,43029,128.990005,129.009995,127.690002,128.539993,128.270721,878900
2019-04-12,43030,128.880005,129.179993,127.75,127.919998,127.652031,999800
2019-04-15,43031,128.429993,128.949997,127.639999,127.900002,127.632072,857300
2019-04-16,43032,128.910004,129.539993,125.269997,125.519997,125.257057,920400
2019-04-17,43033,125.839996,125.839996,119.010002,119.690002,119.439278,2338100
2019-04-18,43034,119.660004,120.959999,118.019997,120,119.748627,1423100
2019-04-22,43035,119.309998,122.370003,119.160004,121.199997,120.946106,1534800
2019-04-23,43036,121.32,123.68,120.760002,122.760002,122.502846,1287600
2019-04-24,43037,124.089996,125.580002,123,124.449997,124.189301,1230100
2019-04-25,43038,124.07,125.449997,123.059998,124.720001,124.45874,1442700
2019-04-26,43039,125,126.699997,119.5,123.860001,123.60054,3728600
2019-04-29,43040,122.699997,123.650002,120.029999,120.830002,120.576889,2117200
2019-04-30,43041,120.839996,123.269997,120.510002,123.160004,122.902008,1512400
2019-05-01,43042,123.089996,123.309998,120.980003,121.220001,120.966072,1185900
2019-05-02,43043,120.910004,123.599998,120.269997,123.209999,122.951897,1433600
2019-05-03,43044,124,125.18,123.419998,124.309998,124.049591,851600
2019-05-06,43045,122.169998,125.639999,121.809998,125.550003,125.287003,947900
2019-05-07,43046,124.559998,125.209999,122.480003,123.389999,123.131523,1033400
2019-05-08,43047,123.440002,123.489998,122.199997,122.559998,122.303261,705200
2019-05-09,43048,121.389999,122.25,120.050003,121.910004,121.654625,810400
2019-05-10,43049,121.379997,122.360001,118.800003,121.970001,121.7145,983300
2019-05-13,43050,119.830002,120.400002,117.519997,118.660004,118.41143,1081800
2019-05-14,43051,119.029999,120.050003,118.589996,118.75,118.501244,751300
2019-05-15,43052,118.25,119.209999,117.150002,118.550003,118.301666,765700
2019-05-16,43053,118.980003,119.669998,117.669998,118.080002,117.832649,1066700
2019-05-17,43054,116.910004,117.93,115.599998,116.419998,116.176125,1337300
2019-05-20,43055,115.860001,116.739998,115.169998,115.919998,115.67717,1250400
2019-05-21,43056,116.760002,117.019997,116.050003,116.110001,115.866776,1228400
2019-05-22,43057,116.07,116.089996,114.599998,115.150002,114.908783,1104900
2019-05-23,43058,114.989998,115.209999,112.43,113.959999,113.721275,1215100
2019-05-24,43059,114.080002,115.059998,114,114.519997,114.280098,586400
2019-05-28,43060,114.639999,115,112,112.139999,111.90509,842000
2019-05-29,43061,112.260002,113.309998,111.169998,112.220001,111.984924,1250600
2019-05-30,43062,112.43,113.540001,112.050003,112.889999,112.653519,628900
2019-05-31,43063,111.760002,114.220001,111.440002,113.93,113.691338,1381000
2019-06-03,43064,114.120003,115.43,113.43,114.300003,114.06057,985500
2019-06-04,43065,115.25,117.589996,114.379997,117.410004,117.164055,1091200
2019-06-05,43066,118.379997,119.57,117.209999,118.540001,118.291679,1242800
2019-06-06,43067,118.800003,120.82,118.190002,120.309998,120.057968,1201900
2019-06-07,43068,120.910004,121.110001,119.459999,120.730003,120.477097,758900
2019-06-10,43069,121.339996,122.260002,120.559998,121.709999,121.45504,711500
2019-06-11,43070,122.93,123.669998,119.330002,120.480003,120.227623,754800
2019-06-12,43071,120.32,121.300003,120,120.690002,120.43718,785100
2019-06-13,43072,120.699997,120.849998,119.099998,119.790001,119.539063,819000
2019-06-14,43073,119.809998,120.099998,116.870003,117.449997,117.203964,1326500
2019-06-17,43074,117.370003,118.160004,116.800003,117.730003,117.483383,933100
2019-06-18,43075,118.690002,119.099998,117.879997,118.120003,117.872566,916600
2019-06-19,43076,118.040001,120.019997,117.709999,119.370003,119.119949,1135400
2019-06-20,43077,119,120.139999,116.129997,119.709999,119.459229,1479100
2019-06-21,43078,119.900002,120.150002,118,118.290001,118.042206,2131600
2019-06-24,43079,118.290001,118.389999,117,117.419998,117.174026,843900
2019-06-25,43080,117.669998,118.209999,116.529999,116.699997,116.455536,884300
2019-06-26,43081,116.93,117,114.209999,114.57,114.329994,1609700
2019-06-27,43082,115.120003,115.940002,114.970001,115.379997,115.379997,1139900
2019-06-28,43083,115.669998,117.760002,114.900002,117.739998,117.739998,2577800
2019-07-01,43084,118.800003,119.339996,116.260002,117.309998,117.309998,1213800
2019-07-02,43085,117.639999,117.769997,116.32,116.730003,116.730003,1147600
2019-07-03,43086,117.629997,118.160004,116.900002,117.650002,117.650002,766100
2019-07-05,43087,116.889999,118.209999,116.230003,117.809998,117.809998,910300
2019-07-08,43088,117.879997,120.769997,117.230003,120.699997,120.699997,1596500
2019-07-09,43089,120.559998,121.099998,119.379997,120.690002,120.690002,913100
2019-07-10,43090,120.949997,121.650002,120.279999,120.779999,120.779999,632600
2019-07-11,43091,121,121.360001,120.099998,121,121,885000
2019-07-12,43092,120.669998,121.07,119.559998,120.599998,120.599998,644100
